bullpen_rank,team,best_reliever,best_reliever_score,top_3_run_prevention,top_5_run_prevention,qualified_relievers,projected_top_5,inherited_runners,inherited_scored,inherited_stranded,strand_rate,strand_score,neutral_bullpen_score
1,Atlanta Braves,"Suarez, Robert",91.44133516539011,82.65860138244284,78.47941264442981,12,"Suarez, Robert | Dodd, Dylan | Fuentes, Didier | Iglesias, Raisel | Mederos, Victor",185,42,143,0.772972972972973,100.0,86.20173799940932
2,Houston Astros,"Hader, Josh",100.0,80.61289091339546,72.85665424451318,11,"Hader, Josh | Okert, Steven | VanWey, Logan | Teng, Kai-Wei | Blubaugh, AJ",243,69,174,0.7160493827160493,71.21946083896835,81.72378267321784
3,Toronto Blue Jays,"Miles, Spencer",85.37867435587371,82.47245513101578,75.71865977101768,12,"Miles, Spencer | Varland, Louis | Rogers, Tyler | Sewald, Paul | Fisher, Braydon",263,73,190,0.7224334600760456,74.4472472037625,79.96909014014282
4,Tampa Bay Rays,"Baker, Bryan",96.99367523817108,87.92843081379768,77.43275606480572,15,"Baker, Bryan | Booser, Cam | Kelly, Kevin | Wells, Tyler | Seymour, Ian",208,74,134,0.6442307692307693,34.908005279422134,79.0929756650371
5,Arizona Diamondbacks,"Garcia, Brandyn",88.51433801996012,81.87110841956574,76.43243838479626,12,"Garcia, Brandyn | Martinez, Justin | Morillo, Juan | Loáisiga, Jonathan | Clarke, Taylor",231,71,160,0.6926406926406926,59.38403868127487,78.52725434848986
6,San Diego Padres,"Miller, Mason",85.44990657517502,83.36278535866637,78.70096781448355,11,"Miller, Mason | Adam, Jason | Matsui, Yuki | Estrada, Jeremiah | Peralta, Wandy",260,82,178,0.6846153846153846,55.326446901500844,78.28056963096385
7,New York Yankees,"Headrick, Brent",84.05867209691061,76.48670855924458,71.48503824179849,12,"Headrick, Brent | Blackburn, Paul | Bednar, David | De los Santos, Yerry | Cruz, Fernando",286,73,213,0.7447552447552448,85.7331305291852,78.26616164391835
8,Cleveland Guardians,"Gaddis, Hunter",84.04234219170364,79.0508197503011,74.80477637823462,13,"Gaddis, Hunter | Smith, Cade | Holderman, Colin | Armstrong, Shawn | Sabrowski, Erik",271,80,191,0.7047970479704797,65.53028594089496,76.99680727762087
9,Boston Red Sox,"Samaniego, Tyler",81.95305390075409,80.83411318234968,78.3723310457577,14,"Samaniego, Tyler | Chapman, Aroldis | Whitlock, Garrett | Morán, Jovani | Coulombe, Danny",180,56,124,0.6888888888888889,57.48712855463087,76.87326602681536
10,Detroit Tigers,"Kinley, Tyler",79.53988965332623,75.2580244397994,71.90294879071456,15,"Kinley, Tyler | Waguespack, Jacob | Madden, Ty | Hurter, Brant | Holton, Tyler",264,74,190,0.7196969696969697,73.06367901765006,74.99281623513325
11,New York Mets,"Weaver, Luke",80.95712738370892,76.63847928647765,72.93987740012935,16,"Weaver, Luke | Raley, Brooks | Lavender, Nate | Núñez, Dedniel | Duarte, Daniel",225,68,157,0.6977777777777778,61.981346393141344,74.40999081088053
12,Baltimore Orioles,"Garcia, Rico",78.68854424589418,75.73849287058792,69.78116696605699,13,"Garcia, Rico | Sanders, Cam | Wells, Tyler | Cano, Yennier | Suárez, Albert",250,77,173,0.692,59.060104798109506,72.18704973218344
13,Chicago White Sox,"Smith, Hagen",83.20076716822615,73.42155576442563,69.24092160667696,14,"Smith, Hagen | Taylor, Grant | Hicks, Jordan | Newcomb, Sean | Schweitzer, Tyler",288,95,193,0.6701388888888888,48.007137801522866,70.80000567361576
14,Texas Rangers,"Garcia, Robert",77.89156367435972,71.91871622144053,70.18825553587605,14,"Garcia, Robert | Junis, Jakob | Latz, Jacob | Peoples, Ben | Alexander, Tyler",230,72,158,0.6869565217391305,56.51012467669383,70.58150114728898
15,Milwaukee Brewers,"Uribe, Abner",82.60760409673458,80.46733827077546,75.21555185328909,14,"Uribe, Abner | Hall, DL | Megill, Trevor | Drohan, Shane | Patrick, Chad",199,78,121,0.6080402010050251,16.610071832500616,69.8482788362781
16,Seattle Mariners,"Brash, Matt",80.72227593995126,75.0038731800694,69.32409072379086,12,"Brash, Matt | Speier, Gabe | Vargas, Carlos | Domínguez, Seranthony | Muñoz, Andrés",197,68,129,0.6548223350253807,40.26309572176085,69.51842251441002
17,Cincinnati Reds,"Pagán, Emilio",69.92774462393592,67.5790018187369,65.49395642356893,15,"Pagán, Emilio | Antone, Tejay | Ashcraft, Graham | Petty, Chase | Burke, Brock",259,73,186,0.7181467181467182,72.27987259837667,68.24580451843222
18,Miami Marlins,"Petersen, Michael",71.20387929974632,69.7971683813848,66.63090185957266,14,"Petersen, Michael | Bender, Anthony | Phillips, Tyler | King, John | Ralston, Jack",220,66,154,0.7,63.10490085276891,68.19512602513915
19,Los Angeles Dodgers,"Vesia, Alex",74.0899099506309,71.35828647460202,69.10572294608455,12,"Vesia, Alex | Henriquez, Edgardo | Scott, Tanner | Hurt, Kyle | Stewart, Brock",186,66,120,0.6451612903225806,35.378476284539126,65.96845175654457
20,Pittsburgh Pirates,"Montgomery, Mason",73.66038875029712,70.51795824609862,67.14978288101409,14,"Montgomery, Mason | Yates, Kirby | Mlodzinski, Carmen | Ramírez, Yohan | Eisert, Brandon",220,76,144,0.6545454545454545,40.12310508765867,65.7338852888569
21,Minnesota Twins,"Funderburk, Kody",81.50810508368413,68.97689349706145,64.53091181453769,13,"Funderburk, Kody | Gómez, Yoendrys | Minter, A.J. | Hoffman, Jeff | Rogers, Taylor",239,88,151,0.6317991631799164,28.6225913909759,64.72275657304716
22,Los Angeles Angels,"Saucedo, Tayler",75.95176295679657,73.47281463459119,69.16227788208002,17,"Saucedo, Tayler | Zeferjahn, Ryan | Watson, Ryan | Natera Jr., Samy | Joyce, Ben",262,102,160,0.6106870229007634,17.948303677659162,64.47071404584938
23,Philadelphia Phillies,"Duran, Jhoan",86.79928857935212,72.77826330812883,65.73755521170172,12,"Duran, Jhoan | Bowlan, Jonathan | Mayza, Tim | McFarlane, Alex | Keller, Brad",187,77,110,0.5882352941176471,6.59672067738018,64.24407580239422
24,San Francisco Giants,"Harris, Trent",75.47336141945439,70.17788818204887,64.75167070855653,17,"Harris, Trent | Brubaker, JT | Houser, Adrian | Peguero, Joel | Miller, Erik",302,111,191,0.6324503311258278,28.951821583293817,63.689981259539294
25,Chicago Cubs,"Civale, Aaron",67.62971921140853,64.960481876392,63.826813741357924,15,"Civale, Aaron | Rolison, Ryan | Thornton, Trent | Webb, Jacob | Milner, Hoby",251,88,163,0.649402390438247,37.52277441144698,61.17203464989416
26,Kansas City Royals,"Lynch IV, Daniel",78.18750369256709,69.4363367028191,65.44300821819247,16,"Lynch IV, Daniel | Way, Beck | Cuas, Jose | Thomas, Connor | Pearson, Nate",186,77,109,0.5860215053763441,5.477430181546229,60.83229392667719
27,Colorado Rockies,"Manfredi, Mark",68.44251090273089,62.39700771597946,57.00827880530461,13,"Manfredi, Mark | Bernardino, Brennan | Senzatela, Antonio | Castaño, Blas | Gordon, Tanner",256,86,170,0.6640625,44.934918575978635,59.67245146846474
28,Washington Nationals,"Ribalta, Orlando",62.67299758231262,62.15338344632227,60.91772246130248,18,"Ribalta, Orlando | Dion, Will | Sinclair, Jack | Mikolas, Miles | Pérez, Cionel",280,112,168,0.6,12.544950169526345,54.47132369329453
29,Athletics,"Blewett, Scott",61.61166672303373,59.207176763998255,57.299661285538434,16,"Blewett, Scott | Kuhnel, Joel | Leiter Jr., Mark | Harris, Hogan | Hartlieb, Geoff",292,111,181,0.6198630136986302,22.58768009975949,53.743120110583355
30,St. Louis Cardinals,"Graceffo, Gordon",69.02476267752925,63.017626380422136,58.41775247571881,10,"Graceffo, Gordon | Romero, JoJo | Bruihl, Justin | Stanek, Ryne | O'Brien, Riley",266,113,153,0.575187969924812,0.0,53.68680432622459
