rank,team,games,wins,losses,win_pct,run_diff_per_game,post_asb_win_pct,last_10_win_pct,quality_weighted_win_pct,projected_rotation_rank,projected_ace,projected_ace_score,projected_top_3_score,projected_top_4_score,projected_depth_score,projected_run_score,projected_qs_score,projected_rotation_score,projected_top_4,starter_1,starter_2,starter_3,starter_4,bullpen_rank,best_reliever,best_reliever_score,top_3_run_prevention,top_5_run_prevention,strand_rate,strand_score,qualified_relievers,neutral_bullpen_score,offensive_momentum_rank,offensive_momentum_score,offense_level,offense_direction,season_offense_score,last_15_offense_score,last_7_offense_score,last_15_runs_per_game,last_15_ops,last_15_iso,last_15_walk_rate,last_15_strikeout_rate,trend_raw,acceleration_raw,rotation_component,bullpen_component,offense_component,run_diff_component,post_asb_component,last_10_component,quality_component,overall_record_component,october_shift_score,contender_score
1,Los Angeles Dodgers,162,100,62,0.6172839506172839,1.2407407407407407,0.6,0.8,0.600259401756808,1,"Yamamoto, Yoshinobu",90.07214101806692,87.27661255238534,84.44279187638182,80.24690542483317,84.17502565435329,84.8444412094246,86.3542744644722,"Yamamoto, Yoshinobu | Ohtani, Shohei | Skubal, Tarik | Glasnow, Tyler","Yamamoto, Yoshinobu","Ohtani, Shohei","Skubal, Tarik","Glasnow, Tyler",19,"Vesia, Alex",74.0899099506309,71.35828647460202,69.10572294608455,0.6451612903225806,35.378476284539126,12,65.96845175654457,9,66.21666666666667,STRONG,COOLING,91.66666666666669,78.33333333333333,51.5,4.466666666666667,0.7965545529122231,0.1897233201581027,0.1130136986301369,0.1832191780821918,-13.333333333333345,-26.83333333333333,100.0,37.77232810549674,69.57151728420615,97.12389380530973,81.97183098591549,100.0,85.03722027925757,93.3333333333333,87.63009175415124,87.63009175415124
2,Milwaukee Brewers,162,103,59,0.6358024691358025,1.3209876543209877,0.6666666666666666,0.8,0.6472430044515487,3,"Misiorowski, Jacob",85.77103250964035,74.52203561864258,69.17505535094692,55.835124865656255,84.88005803588234,45.6175513235438,73.46185217490495,"Misiorowski, Jacob | Henderson, Logan | Woodruff, Brandon | Patrick, Chad","Misiorowski, Jacob","Henderson, Logan","Woodruff, Brandon","Patrick, Chad",15,"Uribe, Abner",82.60760409673458,80.46733827077546,75.21555185328909,0.6080402010050251,16.610071832500616,14,69.8482788362781,10,66.16666666666667,STRONG,FADING,78.5,72.0,59.33333333333333,6.0,0.7746403088080478,0.1495145631067961,0.1008547008547008,0.2478632478632478,-6.5,-12.666666666666671,72.9222937398037,49.70477465061533,69.50941833988821,100.0,100.0,100.0,100.0,100.0,87.49611023147474,87.49611023147474
3,San Diego Padres,162,91,71,0.5617283950617284,0.25308641975308643,0.6515151515151515,0.8,0.584100975028009,9,"King, Michael",79.14167386989708,64.82428279747931,62.68979167041262,56.55651434677809,73.02742782367584,47.18333744051779,66.73656707256524,"King, Michael | Ray, Robbie | Mize, Casey | Vásquez, Randy","King, Michael","Ray, Robbie","Mize, Casey","Vásquez, Randy",6,"Miller, Mason",85.44990657517502,83.36278535866637,78.70096781448355,0.6846153846153846,55.32644690150085,11,78.28056963096385,3,83.75,HOT,COOLING FROM PEAK,49.33333333333333,87.0,66.0,6.4,0.837599930375104,0.1840148698884758,0.075,0.2066666666666666,37.66666666666667,-21.0,58.797306950890395,75.63836836309433,91.34754709169943,61.72566371681416,95.90268886043535,100.0,79.89127646248335,73.33333333333334,77.30194510097334,77.30194510097334
4,New York Yankees,161,93,68,0.577639751552795,0.8571428571428571,0.6,0.5,0.5824622063938206,2,"Schlittler, Cam",82.23912213341609,74.35150940354892,72.78824174719654,69.03256263919974,80.62183520473093,61.03785156089496,75.21291704009286,"Schlittler, Cam | Fried, Max | Rodón, Carlos | Cole, Gerrit","Schlittler, Cam","Fried, Max","Rodón, Carlos","Cole, Gerrit",7,"Headrick, Brent",84.05867209691061,76.48670855924458,71.48503824179849,0.7447552447552448,85.7331305291852,12,78.26616164391835,13,55.05,AVERAGE,STEADY,66.33333333333333,57.0,57.5,4.8,0.7102539314940917,0.1755424063116371,0.0806451612903225,0.2508960573476702,-9.333333333333329,0.5,76.60002155519472,75.59405645647837,55.70275305319809,83.37547408343869,81.97183098591549,49.999999999999986,79.36938089296018,79.0614216701173,73.30060076807737,73.30060076807737
5,Atlanta Braves,162,94,68,0.5802469135802469,0.7160493827160493,0.582089552238806,0.5,0.5814408486361742,4,"Sale, Chris",90.15988420469448,69.18316732248182,65.52148432289566,56.23854129815567,69.59784397218655,59.406944848959306,71.75331603946884,"Sale, Chris | Holmes, Grant | Elder, Bryce | Mahle, Tyler","Sale, Chris","Holmes, Grant","Elder, Bryce","Mahle, Tyler",1,"Suarez, Robert",91.44133516539011,82.65860138244284,78.47941264442981,0.772972972972973,100.0,12,86.20173799940932,12,55.266666666666666,AVERAGE,FADING,59.33333333333333,60.66666666666666,26.666666666666668,4.733333333333333,0.7308092254366085,0.1634615384615385,0.079447322970639,0.2107081174438687,1.3333333333333357,-34.0,69.33388819651749,100.0,55.97184847857585,78.31858407079646,77.12844229556445,49.999999999999986,79.04411100586731,80.0,71.4477436198772,71.4477436198772
6,Cleveland Guardians,162,85,77,0.5246913580246914,0.06790123456790123,0.5230769230769231,0.8,0.5212907262896557,8,"Messick, Parker",77.19190297803864,65.81088848308052,63.14050513248219,56.88950028591939,66.06612238509425,58.7520792535641,66.78385720712622,"Messick, Parker | Griffin, Foster | Bibee, Tanner | Williams, Gavin","Messick, Parker","Griffin, Foster","Bibee, Tanner","Williams, Gavin",8,"Gaddis, Hunter",84.04234219170364,79.0508197503011,74.80477637823462,0.7047970479704797,65.53028594089496,13,76.99680727762087,2,85.95833333333334,HOT,COOLING FROM PEAK,31.166666666666668,85.83333333333334,78.33333333333333,5.333333333333333,0.7872580557958477,0.19921875,0.0967184801381692,0.1658031088082901,54.66666666666667,-7.500000000000014,58.896629509823605,71.69014455231748,94.09025046574207,55.088495575221245,61.170097508125686,100.0,59.888214496734534,59.999999999999986,68.66499516554174,68.66499516554174
7,Arizona Diamondbacks,162,86,76,0.5308641975308642,0.05555555555555555,0.5606060606060606,0.6,0.5347448659045325,10,"Rodriguez, Eduardo",75.27511378082217,66.53599327112154,62.65989759735817,54.40543157559407,71.54145678222737,49.33755882005434,66.1259700094649,"Rodriguez, Eduardo | Soroka, Michael | Pfaadt, Brandon | Bratt, Mitch","Rodriguez, Eduardo","Soroka, Michael","Pfaadt, Brandon","Bratt, Mitch",5,"Garcia, Brandyn",88.51433801996012,81.87110841956574,76.43243838479626,0.6926406926406926,59.38403868127487,12,78.52725434848986,1,90.71666666666668,HOT,STEADY,66.5,91.0,95.33333333333334,6.066666666666666,0.8328615656789031,0.2048872180451127,0.0852842809364548,0.1989966555183946,24.50000000000001,4.333333333333329,57.514881697774946,76.39704965091579,100.0,54.64601769911505,71.31882202304737,66.66666666666666,64.17292907465794,62.22222222222222,68.04739100800269,68.04739100800269
8,Tampa Bay Rays,162,98,64,0.6049382716049383,0.5308641975308642,0.6176470588235294,0.5,0.6035985526525943,7,"Rasmussen, Drew",76.42504653060446,68.83572788869758,62.89484252407861,51.21123856829652,73.63175474738065,46.78947418912554,66.90120707819035,"Rasmussen, Drew | Martinez, Nick | Seymour, Ian | Jax, Griffin","Rasmussen, Drew","Martinez, Nick","Seymour, Ian","Jax, Griffin",4,"Baker, Bryan",96.99367523817108,87.92843081379768,77.43275606480572,0.6442307692307693,34.908005279422134,15,79.0929756650371,19,41.41666666666667,AVERAGE,COOLING,60.99999999999999,45.66666666666667,38.66666666666666,4.733333333333333,0.6779288039876682,0.1312127236580516,0.0831826401446654,0.2224231464737794,-15.33333333333332,-7.000000000000007,59.14309718416576,78.13693115346916,38.77044090250466,71.68141592920354,86.7439933719967,49.999999999999986,86.1006333945222,88.88888888888889,67.09283488013752,67.09283488013752
9,Chicago Cubs,162,89,73,0.5493827160493827,0.9074074074074074,0.5303030303030303,0.5,0.5426725005979034,12,"Brown, Ben",68.89202026520377,64.34950823418022,61.65186637868196,55.62766954334819,71.17401976761793,47.36863629527797,63.63733206721165,"Brown, Ben | Holmes, Clay | Imanaga, Shota | Boyd, Matthew","Brown, Ben","Holmes, Clay","Imanaga, Shota","Boyd, Matthew",25,"Civale, Aaron",67.62971921140853,64.960481876392,63.82681374135792,0.649402390438247,37.52277441144698,15,61.17203464989416,11,55.90833333333333,STRONG,COOLING,97.66666666666669,70.16666666666666,44.0,4.666666666666667,0.7622925276065307,0.1669941060903732,0.0929432013769363,0.1755593803786574,-27.50000000000001,-26.166666666666657,52.28804335236619,23.020899869904042,56.76878493065617,85.17699115044249,63.124199743918055,49.999999999999986,66.69762800832873,68.88888888888887,61.85176988454839,61.85176988454839
10,Chicago White Sox,162,84,78,0.5185185185185185,0.345679012345679,0.5074626865671642,0.7,0.5128644756454889,26,"Burke, Sean",58.97171174081871,55.30666221967429,53.40135769528457,49.58158907312722,64.04066405560242,37.442398154807805,54.9831027231004,"Burke, Sean | Martin, Davis | Fedde, Erick | Sandlin, David","Burke, Sean","Martin, Davis","Fedde, Erick","Sandlin, David",13,"Smith, Hagen",83.20076716822615,73.42155576442563,69.24092160667696,0.6701388888888888,48.00713780152287,14,70.80000567361576,7,72.43333333333332,STRONG,RISING,74.66666666666666,70.66666666666666,89.99999999999999,5.866666666666666,0.7509925834575133,0.1683366733466934,0.1040955631399317,0.2542662116040955,-4.0,19.33333333333333,34.11173211891826,52.63181994895021,77.2924860277375,65.04424778761062,56.94765608576835,83.33333333333331,57.20472227755346,57.777777777777764,59.57015552076795,59.57015552076795
11,Boston Red Sox,162,87,75,0.5370370370370371,0.48148148148148145,0.6029411764705882,0.5,0.5581508599287507,6,"Tolle, Payton",76.528508901111,70.70138953075865,67.23214811664005,57.94591850398064,73.02104651720728,58.5488005157892,69.55100043650631,"Tolle, Payton | Gray, Sonny | Suarez, Ranger | Bennett, Jake","Tolle, Payton","Gray, Sonny","Suarez, Ranger","Bennett, Jake",9,"Samaniego, Tyler",81.95305390075409,80.83411318234968,78.3723310457577,0.6888888888888889,57.48712855463087,14,76.87326602681536,28,13.858333333333334,VERY COLD,STEADY,36.66666666666666,13.833333333333334,14.333333333333332,2.466666666666667,0.6204198999487927,0.1148225469728601,0.0802238805970149,0.2444029850746268,-22.83333333333333,0.4999999999999982,64.70840714649613,71.31019221396349,4.543572759263094,69.91150442477876,82.7671913835957,49.999999999999986,71.62699203796053,64.44444444444446,58.61190059272444,58.61190059272444
12,Detroit Tigers,162,76,86,0.4691358024691358,0.4382716049382716,0.48484848484848486,0.4,0.47515426837719443,14,"Melton, Troy",69.73560968285504,61.4222978864343,59.6311306070331,54.793518627805966,69.24113739823508,45.21612042023014,62.148075490865,"Melton, Troy | Anderson, Drew | Montero, Keider | Valdez, Framber","Melton, Troy","Anderson, Drew","Montero, Keider","Valdez, Framber",10,"Kinley, Tyler",79.53988965332623,75.2580244397994,71.90294879071456,0.7196969696969697,73.06367901765006,15,74.99281623513325,4,80.69999999999999,HOT,COOLING FROM PEAK,59.0,83.33333333333333,72.66666666666666,5.066666666666666,0.8131128228659201,0.1695906432748538,0.1214642262895174,0.2179700499168053,24.33333333333333,-10.666666666666671,49.16018644428054,65.5268502868879,87.55951148830466,68.36283185840708,50.83226632522408,33.33333333333333,45.19522338397049,39.999999999999986,57.13280734944309,57.13280734944309
13,Houston Astros,162,81,81,0.5,-0.19753086419753085,0.53125,0.5,0.506594461653425,21,"Lambert, Peter",66.90445727581441,57.914440010444174,54.282788800248525,46.51274134029276,64.80936761889106,38.49292057228474,57.72535928422489,"Lambert, Peter | Brown, Hunter | Wesneski, Hayden | Imai, Tatsuya","Lambert, Peter","Brown, Hunter","Wesneski, Hayden","Imai, Tatsuya",2,"Hader, Josh",100.0,80.61289091339546,72.85665424451318,0.7160493827160493,71.21946083896835,11,81.72378267321784,5,80.20000000000002,STRONG,HEATING UP,69.0,78.66666666666667,90.33333333333334,4.8,0.810399717014503,0.2412451361867704,0.0856643356643356,0.2395104895104895,9.666666666666671,11.666666666666671,39.87124076550615,86.22800411896742,86.93852204512524,45.575221238938056,63.38028169014085,49.999999999999986,55.207922695819256,51.11111111111111,56.8200204130292,56.8200204130292
14,Philadelphia Phillies,162,88,74,0.5432098765432098,0.09259259259259259,0.5230769230769231,0.4,0.5336911705977239,5,"Sánchez, Cristopher",78.69105069265123,73.2447482029231,67.49526488056141,57.53007669004898,64.66038505032216,71.74758462592027,71.09922643395169,"Sánchez, Cristopher | Wheeler, Zack | Luzardo, Jesús | Nola, Aaron","Sánchez, Cristopher","Wheeler, Zack","Luzardo, Jesús","Nola, Aaron",23,"Duran, Jhoan",86.79928857935212,72.77826330812883,65.73755521170172,0.5882352941176471,6.59672067738018,12,64.24407580239422,23,37.333333333333336,COLD,STEADY,39.333333333333336,34.0,36.16666666666666,3.6,0.6593450592437213,0.1209677419354839,0.1134380453752181,0.1710296684118673,-5.333333333333336,2.1666666666666643,67.96011639411745,32.468992808914386,33.699027116539014,55.97345132743363,61.170097508125686,33.33333333333333,63.837360709009324,66.66666666666666,53.832399913906116,53.832399913906116
15,New York Mets,162,74,88,0.4567901234567901,-0.19753086419753085,0.5230769230769231,0.5,0.4736107819727002,18,"McLean, Nolan",69.45601228798941,61.55734290353499,55.95530097840965,46.076069918675365,62.49474578499469,46.14613376853209,60.08941091689458,"McLean, Nolan | Thornton, Zac | Scott, Christian | Manaea, Sean","McLean, Nolan","Thornton, Zac","Scott, Christian","Manaea, Sean",11,"Weaver, Luke",80.95712738370892,76.63847928647765,72.93987740012935,0.6977777777777778,61.981346393141344,16,74.40999081088053,8,68.15833333333333,AVERAGE,HEATING UP,35.166666666666664,61.16666666666666,74.5,4.533333333333333,0.7297468104435754,0.1647509578544061,0.0910652920962199,0.2061855670103092,25.999999999999996,13.333333333333345,44.83641288410543,63.734364931971186,71.98302628855308,45.575221238938056,61.170097508125686,49.999999999999986,44.70367216720963,35.55555555555554,52.03275280462511,52.03275280462511
16,Pittsburgh Pirates,162,82,80,0.5061728395061729,0.1728395061728395,0.49230769230769234,0.7,0.499524897990475,22,"Ashcraft, Braxton",61.39946875042757,57.06266982936267,54.84668302683108,50.18436041120452,62.94074527086308,42.70558966078308,56.67192578639885,"Ashcraft, Braxton | Skenes, Paul | Jones, Jared | Chandler, Bubba","Ashcraft, Braxton","Skenes, Paul","Jones, Jared","Chandler, Bubba",20,"Montgomery, Mason",73.66038875029712,70.51795824609862,67.14978288101409,0.6545454545454545,40.12310508765867,14,65.7338852888569,18,43.208333333333336,AVERAGE,COOLING,66.5,50.16666666666666,35.5,3.8666666666666663,0.7395513337254986,0.1686746987951807,0.0863309352517985,0.2320143884892086,-16.333333333333336,-14.666666666666664,37.658734676416344,37.05091661487106,40.99565307389775,58.849557522123895,52.84940411700977,83.33333333333331,52.95649203185428,53.333333333333336,51.54545411734711,51.54545411734711
17,Seattle Mariners,162,76,86,0.4691358024691358,-0.35802469135802467,0.4307692307692308,0.6,0.4584550146840766,13,"Hancock, Emerson",69.53769900434229,62.90309684601033,59.52573230480408,52.09793689411106,58.024578883700016,61.77746243646016,62.26550048456718,"Hancock, Emerson | Gilbert, Logan | Woo, Bryan | Kirby, George","Hancock, Emerson","Gilbert, Logan","Woo, Bryan","Kirby, George",16,"Brash, Matt",80.72227593995126,75.0038731800694,69.32409072379086,0.6548223350253807,40.26309572176085,12,69.51842251441002,6,77.35,STRONG,COOLING FROM PEAK,20.5,79.0,55.0,5.533333333333333,0.7846310432569974,0.1622137404580153,0.1048252911813644,0.1880199667221297,58.5,-24.0,49.40681189725271,48.69029827128901,83.39888221900226,39.823008849557525,36.20801733477791,66.66666666666666,39.87704341947648,39.999999999999986,50.882032833634014,50.882032833634014
18,Baltimore Orioles,161,79,82,0.4906832298136646,-0.13043478260869565,0.515625,0.6,0.49089146385066607,24,"Young, Brandon",62.32319554722453,55.20020210791889,53.20126399858202,49.14484974904095,53.76230242238197,52.359706362882136,55.67285999204624,"Young, Brandon | Rogers, Trevor | Baz, Shane | Bradish, Kyle","Young, Brandon","Rogers, Trevor","Baz, Shane","Bradish, Kyle",12,"Garcia, Rico",78.68854424589418,75.73849287058792,69.78116696605699,0.692,59.06010479810951,13,72.18704973218344,16,50.98333333333333,AVERAGE,STEADY,48.16666666666666,49.0,45.66666666666666,4.4,0.7193442757713597,0.1828793774319066,0.0790861159929701,0.2934973637961335,0.8333333333333357,-3.333333333333336,35.560416027950964,56.89768766533305,50.65203891533842,47.97999230473259,59.1549295774648,66.66666666666666,50.207018473881284,47.75707384403036,49.97673629848761,49.97673629848761
19,Toronto Blue Jays,162,79,83,0.4876543209876543,-0.2839506172839506,0.5151515151515151,0.4,0.4930479961249019,15,"Cease, Dylan",70.68640441206806,61.59067314842854,57.62295182026055,49.20890509655085,72.50595462894097,35.29844760723992,61.213796490923166,"Cease, Dylan | Soriano, José | Yesavage, Trey | Corbin, Patrick","Cease, Dylan","Soriano, José","Yesavage, Trey","Corbin, Patrick",3,"Miles, Spencer",85.37867435587371,82.47245513101578,75.71865977101768,0.7224334600760456,74.4472472037625,12,79.96909014014282,17,48.75,AVERAGE,STEADY,15.333333333333336,41.0,45.5,3.933333333333333,0.688170492239763,0.1267893660531697,0.0938628158844765,0.1732851985559566,25.666666666666664,4.5,47.197938252490665,80.83142988415013,47.87828606913681,42.47787610619469,59.0268886043534,33.33333333333333,50.89380525755368,46.666666666666664,48.55720082984579,48.55720082984579
20,Washington Nationals,162,77,85,0.47530864197530864,0.037037037037037035,0.4461538461538462,0.6,0.46180186860219147,11,"Cavalli, Cade",75.56327513461447,68.29612588732535,60.29520326770452,49.34741529035959,73.20594334781468,40.92909314753927,65.6704220856786,"Cavalli, Cade | Alvarez, Andrew | Early, Connelly | Kent, Jackson","Cavalli, Cade","Alvarez, Andrew","Early, Connelly","Kent, Jackson",28,"Ribalta, Orlando",62.67299758231262,62.15338344632227,60.91772246130248,0.6,12.544950169526343,18,54.47132369329453,26,32.40833333333333,COLD,STEADY,86.5,38.16666666666666,35.5,4.466666666666667,0.6561839275215722,0.1327967806841046,0.081374321880651,0.213381555153707,-48.333333333333336,-2.6666666666666643,56.558103166116894,2.4127970702795505,27.582281101221273,53.982300884955755,40.368364030335876,66.66666666666666,40.94290970179676,42.22222222222222,45.3573518074408,45.3573518074408
21,Miami Marlins,162,80,82,0.49382716049382713,0.018518518518518517,0.4307692307692308,0.5,0.47078496210706666,25,"Meyer, Max",61.45752558753898,55.71502162630983,52.26625421829164,46.20941953936781,60.41520225618695,40.042832161448665,55.03505382197217,"Meyer, Max | Alcantara, Sandy | Phillips, Tyler | Pérez, Eury","Meyer, Max","Alcantara, Sandy","Phillips, Tyler","Pérez, Eury",18,"Petersen, Michael",71.20387929974632,69.7971683813848,66.63090185957266,0.7,63.10490085276891,14,68.19512602513915,20,41.41666666666666,AVERAGE,REBOUNDING,53.333333333333336,40.33333333333333,48.5,4.066666666666666,0.7088451348747591,0.1445086705202312,0.0810344827586206,0.2241379310344827,-13.000000000000009,8.166666666666671,34.22084401143535,44.62048683457615,38.77044090250464,53.31858407079647,36.20801733477791,49.999999999999986,43.80373862114495,48.88888888888888,43.06475451371369,43.06475451371369
22,Texas Rangers,162,80,82,0.49382716049382713,-0.2839506172839506,0.4696969696969697,0.4,0.4876931069893548,20,"Quantrill, Cal",66.95761617295607,59.07166262754318,56.678810098633456,50.00775870905512,68.11493023791361,39.52462988971324,59.20499492034125,"Quantrill, Cal | deGrom, Jacob | Rocker, Kumar | Gore, MacKenzie","Quantrill, Cal","deGrom, Jacob","Rocker, Kumar","Gore, MacKenzie",14,"Garcia, Robert",77.89156367435972,71.91871622144053,70.18825553587605,0.6869565217391305,56.51012467669383,14,70.58150114728898,25,33.516666666666666,COLD,FADING,32.166666666666664,31.333333333333336,19.5,4.2,0.6623224287995844,0.1244813278008299,0.0781818181818181,0.2472727272727272,-0.8333333333333286,-11.833333333333336,42.97889099810043,51.95980711779077,28.95880770026909,42.47787610619469,46.73495518565942,33.33333333333333,49.188443770381966,48.88888888888888,41.72505262037916,41.72505262037916
23,Minnesota Twins,162,77,85,0.47530864197530864,-0.35802469135802467,0.4461538461538462,0.6,0.46495601451309126,23,"Bradley, Taj",63.89837680895806,54.78355760564398,53.17860464215689,49.162845508643926,56.94710174657013,47.52585898553702,55.898164999225074,"Bradley, Taj | Matthews, Zebby | Paredes, Mike | Ryan, Joe","Bradley, Taj","Matthews, Zebby","Paredes, Mike","Ryan, Joe",21,"Funderburk, Kody",81.50810508368413,68.97689349706145,64.53091181453769,0.6317991631799164,28.6225913909759,13,64.72275657304716,24,36.8,COLD,REBOUNDING,61.49999999999999,33.33333333333333,70.66666666666667,4.133333333333334,0.6814351726012504,0.1403846153846154,0.0598591549295774,0.2341549295774647,-28.166666666666657,37.33333333333334,36.03361979573917,33.94118025196525,33.03663837714758,39.823008849557525,40.368364030335876,66.66666666666666,41.9474046269413,42.22222222222222,40.865394223016075,40.865394223016075
24,Kansas City Royals,162,69,93,0.42592592592592593,-0.7407407407407407,0.47692307692307695,0.2,0.43534933416622884,17,"Wacha, Michael",69.5169843322417,61.15302180187066,57.137498375369525,48.61078260020079,60.28264458708664,52.41977905779385,60.55957186891271,"Wacha, Michael | Bubic, Kris | Dobnak, Randy | Lugo, Seth","Wacha, Michael","Bubic, Kris","Dobnak, Randy","Lugo, Seth",26,"Lynch IV, Daniel",78.18750369256709,69.4363367028191,65.44300821819247,0.5860215053763441,5.477430181546229,16,60.83229392667719,14,52.7,AVERAGE,RISING,43.16666666666666,42.333333333333336,79.66666666666666,4.066666666666666,0.7221130386439045,0.1499013806706114,0.0766488413547237,0.2335115864527629,-0.8333333333333286,37.33333333333332,45.82388287754982,21.97602391649819,52.7841026702546,26.106194690265493,48.6890574214518,0.0,32.518620734595686,24.444444444444446,34.77616620431815,34.77616620431815
25,Cincinnati Reds,162,75,87,0.46296296296296297,-0.9876543209876543,0.47761194029850745,0.4,0.46507921479022957,27,"Burns, Chase",68.04708086144677,53.52812662340901,48.172731506102,35.32538182392903,55.45723332531834,37.245978777277486,53.35637443953506,"Burns, Chase | Abbott, Andrew | Lodolo, Nick | Williamson, Brandon","Burns, Chase","Abbott, Andrew","Lodolo, Nick","Williamson, Brandon",17,"Pagán, Emilio",69.92774462393592,67.5790018187369,65.49395642356893,0.7181467181467182,72.27987259837667,15,68.24580451843222,27,27.90833333333333,VERY COLD,REBOUNDING,30.666666666666664,22.166666666666668,32.5,3.6666666666666665,0.6564059682771957,0.1509054325955734,0.0649350649350649,0.2597402597402597,-8.499999999999996,10.333333333333332,30.69514603150938,44.77634904177748,21.993376112606082,17.256637168141598,48.87534160184991,33.33333333333333,41.9866399878465,37.77777777777778,31.669924859690905,31.669924859690905
26,Los Angeles Angels,162,62,100,0.38271604938271603,-0.5987654320987654,0.36923076923076925,0.4,0.38179278015846624,19,"Ureña, Walbert",66.74942245358338,60.99008367808077,56.39595734347693,47.10422184322637,62.73490698190065,46.88753288584135,59.4282138298075,"Ureña, Walbert | Detmers, Reid | Klassen, George | Kochanowicz, Jack","Ureña, Walbert","Detmers, Reid","Klassen, George","Kochanowicz, Jack",22,"Saucedo, Tayler",75.95176295679657,73.47281463459119,69.16227788208002,0.6106870229007634,17.948303677659162,17,64.47071404584938,22,38.4,COLD,HEATING UP,7.166666666666666,26.0,49.99999999999999,4.066666666666666,0.6561738588986952,0.1106719367588932,0.1075085324232082,0.2679180887372013,18.83333333333333,24.0,43.44771337503572,33.166020967523444,35.02380459532187,31.19469026548673,19.56663055254605,33.33333333333333,15.462565552392718,8.888888888888886,29.770697548502707,29.770697548502707
27,St. Louis Cardinals,162,77,85,0.47530864197530864,-0.17901234567901234,0.40298507462686567,0.2,0.4555438111733027,16,"McGreevy, Michael",65.82049235824906,60.46927758981868,59.39008583321531,56.80462470897825,69.35504462313608,44.442647648334166,61.04154499847954,"McGreevy, Michael | Mathews, Quinn | Dobbins, Hunter | Pallante, Andre","McGreevy, Michael","Mathews, Quinn","Dobbins, Hunter","Pallante, Andre",30,"Graceffo, Gordon",69.02476267752925,63.017626380422136,58.41775247571881,0.575187969924812,0.0,10,53.68680432622459,29,10.625,VERY COLD,REBOUNDING,27.166666666666664,7.166666666666666,17.333333333333336,3.466666666666667,0.5834626101363054,0.110204081632653,0.0756457564575645,0.2767527675276753,-20.0,10.16666666666667,46.83616176002785,0.0,0.5278410267025468,46.23893805309735,28.694555392053818,0.0,38.94991790428397,42.22222222222222,29.168097542874914,29.168097542874914
28,San Francisco Giants,162,65,97,0.4012345679012346,-0.5617283950617284,0.36363636363636365,0.2,0.38994132974572454,29,"Webb, Logan",54.802438501992846,53.17282065401045,50.68541995836718,47.434009105239525,56.29738379505756,42.26747420333161,52.22192324456175,"Webb, Logan | Roupp, Landen | McDonald, Trevor | Houser, Adrian","Webb, Logan","Roupp, Landen","McDonald, Trevor","Houser, Adrian",24,"Harris, Trent",75.47336141945439,70.17788818204887,64.75167070855653,0.6324503311258278,28.951821583293817,17,63.689981259539294,30,10.2,VERY COLD,STEADY,27.666666666666664,9.333333333333334,5.666666666666667,3.466666666666667,0.6098790322580645,0.1129032258064516,0.0778985507246376,0.2989130434782608,-18.33333333333333,-3.666666666666667,28.31248003329167,30.764869563810272,0.0,32.52212389380531,18.05377720870679,0.0,18.057618837468723,15.55555555555556,18.87166734234492,18.87166734234492
29,Athletics,162,64,98,0.3950617283950617,-1.4691358024691359,0.3484848484848485,0.3,0.3789968093596468,28,"Ginn, J.T.",60.825691958641386,53.70761619018418,49.69961841322469,42.70903625900627,59.57129291357192,34.89210666270385,53.0357485872299,"Ginn, J.T. | Severino, Luis | Lopez, Jacob | Jump, Gage","Ginn, J.T.","Severino, Luis","Lopez, Jacob","Jump, Gage",29,"Blewett, Scott",61.61166672303373,59.207176763998255,57.299661285538434,0.6198630136986302,22.58768009975949,16,53.74312011058336,21,41.09166666666667,COLD,REBOUNDING,44.33333333333333,34.5,63.33333333333333,3.8666666666666663,0.6988680718188915,0.1488095238095238,0.072595281306715,0.2123411978221415,-9.833333333333329,28.83333333333333,30.021741728334344,0.17319975161203277,38.366797764438,0.0,13.956466069142135,16.66666666666666,14.572137982583419,13.33333333333333,17.59010480741366,17.59010480741366
30,Colorado Rockies,162,58,104,0.35802469135802467,-1.1851851851851851,0.296875,0.2,0.33323983410741287,30,"Adams, Mason",45.03872816861848,38.39164472443328,36.32806910345964,32.397588580846225,47.38346601162779,19.744973741207424,38.7415920397468,"Adams, Mason | Quintana, Jose | Sugano, Tomoyuki | Feltner, Ryan","Adams, Mason","Quintana, Jose","Sugano, Tomoyuki","Feltner, Ryan",27,"Manfredi, Mark",68.44251090273089,62.39700771597946,57.00827880530461,0.6640625,44.93491857597864,13,59.67245146846474,15,51.50833333333334,AVERAGE,COOLING,70.49999999999999,56.833333333333336,50.33333333333334,4.266666666666667,0.7569996648691466,0.1765834932821496,0.0577933450087565,0.2136602451838879,-13.66666666666665,-6.499999999999993,0.0,18.408916968440735,51.304077830676874,10.176991150442484,0.0,0.0,0.0,0.0,10.651455753112064,10.651455753112064
