projected_rotation_rank,team,projected_ace,projected_ace_score,projected_top_3_score,projected_top_4_score,projected_depth_score,projected_run_score,projected_qs_score,projected_rotation_score,projected_top_4,starter_1,starter_2,starter_3,starter_4
1,Los Angeles Dodgers,"Yamamoto, Yoshinobu",90.07214101806692,87.27661255238534,84.44279187638182,80.24690542483317,84.17502565435329,84.8444412094246,86.3542744644722,"Yamamoto, Yoshinobu | Ohtani, Shohei | Skubal, Tarik | Glasnow, Tyler","Yamamoto, Yoshinobu","Ohtani, Shohei","Skubal, Tarik","Glasnow, Tyler"
2,New York Yankees,"Schlittler, Cam",82.23912213341609,74.35150940354892,72.78824174719654,69.03256263919974,80.62183520473093,61.03785156089496,75.21291704009286,"Schlittler, Cam | Fried, Max | Rodón, Carlos | Cole, Gerrit","Schlittler, Cam","Fried, Max","Rodón, Carlos","Cole, Gerrit"
3,Milwaukee Brewers,"Misiorowski, Jacob",85.77103250964035,74.52203561864258,69.17505535094692,55.835124865656255,84.88005803588234,45.6175513235438,73.46185217490495,"Misiorowski, Jacob | Henderson, Logan | Woodruff, Brandon | Patrick, Chad","Misiorowski, Jacob","Henderson, Logan","Woodruff, Brandon","Patrick, Chad"
4,Atlanta Braves,"Sale, Chris",90.15988420469449,69.18316732248182,65.52148432289566,56.23854129815567,69.59784397218655,59.406944848959306,71.75331603946884,"Sale, Chris | Holmes, Grant | Elder, Bryce | Mahle, Tyler","Sale, Chris","Holmes, Grant","Elder, Bryce","Mahle, Tyler"
5,Philadelphia Phillies,"Sánchez, Cristopher",78.69105069265123,73.2447482029231,67.49526488056141,57.53007669004898,64.66038505032216,71.74758462592027,71.09922643395169,"Sánchez, Cristopher | Wheeler, Zack | Luzardo, Jesús | Nola, Aaron","Sánchez, Cristopher","Wheeler, Zack","Luzardo, Jesús","Nola, Aaron"
6,Boston Red Sox,"Tolle, Payton",76.528508901111,70.70138953075865,67.23214811664005,57.94591850398064,73.02104651720728,58.548800515789196,69.55100043650631,"Tolle, Payton | Gray, Sonny | Suarez, Ranger | Bennett, Jake","Tolle, Payton","Gray, Sonny","Suarez, Ranger","Bennett, Jake"
7,Tampa Bay Rays,"Rasmussen, Drew",76.42504653060446,68.83572788869758,62.89484252407861,51.21123856829652,73.63175474738065,46.78947418912554,66.90120707819035,"Rasmussen, Drew | Martinez, Nick | Seymour, Ian | Jax, Griffin","Rasmussen, Drew","Martinez, Nick","Seymour, Ian","Jax, Griffin"
8,Cleveland Guardians,"Messick, Parker",77.19190297803864,65.81088848308052,63.14050513248219,56.88950028591939,66.06612238509425,58.7520792535641,66.78385720712622,"Messick, Parker | Griffin, Foster | Bibee, Tanner | Williams, Gavin","Messick, Parker","Griffin, Foster","Bibee, Tanner","Williams, Gavin"
9,San Diego Padres,"King, Michael",79.14167386989708,64.82428279747931,62.68979167041262,56.55651434677809,73.02742782367584,47.18333744051779,66.73656707256524,"King, Michael | Ray, Robbie | Mize, Casey | Vásquez, Randy","King, Michael","Ray, Robbie","Mize, Casey","Vásquez, Randy"
10,Arizona Diamondbacks,"Rodriguez, Eduardo",75.27511378082217,66.53599327112154,62.65989759735817,54.405431575594065,71.54145678222737,49.33755882005434,66.1259700094649,"Rodriguez, Eduardo | Soroka, Michael | Pfaadt, Brandon | Bratt, Mitch","Rodriguez, Eduardo","Soroka, Michael","Pfaadt, Brandon","Bratt, Mitch"
11,Washington Nationals,"Cavalli, Cade",75.56327513461447,68.29612588732535,60.29520326770452,49.34741529035959,73.20594334781468,40.92909314753927,65.6704220856786,"Cavalli, Cade | Alvarez, Andrew | Early, Connelly | Kent, Jackson","Cavalli, Cade","Alvarez, Andrew","Early, Connelly","Kent, Jackson"
12,Chicago Cubs,"Brown, Ben",68.89202026520377,64.34950823418022,61.65186637868196,55.62766954334819,71.17401976761793,47.36863629527797,63.63733206721165,"Brown, Ben | Holmes, Clay | Imanaga, Shota | Boyd, Matthew","Brown, Ben","Holmes, Clay","Imanaga, Shota","Boyd, Matthew"
13,Seattle Mariners,"Hancock, Emerson",69.53769900434229,62.90309684601033,59.52573230480408,52.09793689411106,58.024578883700016,61.77746243646016,62.26550048456718,"Hancock, Emerson | Gilbert, Logan | Woo, Bryan | Kirby, George","Hancock, Emerson","Gilbert, Logan","Woo, Bryan","Kirby, George"
14,Detroit Tigers,"Melton, Troy",69.73560968285504,61.4222978864343,59.6311306070331,54.793518627805966,69.24113739823508,45.21612042023014,62.148075490865,"Melton, Troy | Anderson, Drew | Montero, Keider | Valdez, Framber","Melton, Troy","Anderson, Drew","Montero, Keider","Valdez, Framber"
15,Toronto Blue Jays,"Cease, Dylan",70.68640441206806,61.59067314842854,57.62295182026055,49.20890509655085,72.50595462894097,35.29844760723992,61.213796490923166,"Cease, Dylan | Soriano, José | Yesavage, Trey | Corbin, Patrick","Cease, Dylan","Soriano, José","Yesavage, Trey","Corbin, Patrick"
16,St. Louis Cardinals,"McGreevy, Michael",65.82049235824906,60.46927758981868,59.39008583321531,56.80462470897825,69.35504462313608,44.442647648334166,61.04154499847954,"McGreevy, Michael | Mathews, Quinn | Dobbins, Hunter | Pallante, Andre","McGreevy, Michael","Mathews, Quinn","Dobbins, Hunter","Pallante, Andre"
17,Kansas City Royals,"Wacha, Michael",69.5169843322417,61.15302180187066,57.137498375369525,48.610782600200785,60.282644587086644,52.41977905779385,60.55957186891271,"Wacha, Michael | Bubic, Kris | Dobnak, Randy | Lugo, Seth","Wacha, Michael","Bubic, Kris","Dobnak, Randy","Lugo, Seth"
18,New York Mets,"McLean, Nolan",69.45601228798941,61.55734290353499,55.95530097840965,46.076069918675365,62.49474578499469,46.14613376853209,60.08941091689458,"McLean, Nolan | Thornton, Zac | Scott, Christian | Manaea, Sean","McLean, Nolan","Thornton, Zac","Scott, Christian","Manaea, Sean"
19,Los Angeles Angels,"Ureña, Walbert",66.74942245358338,60.99008367808077,56.39595734347693,47.10422184322637,62.73490698190065,46.88753288584135,59.4282138298075,"Ureña, Walbert | Detmers, Reid | Klassen, George | Kochanowicz, Jack","Ureña, Walbert","Detmers, Reid","Klassen, George","Kochanowicz, Jack"
20,Texas Rangers,"Quantrill, Cal",66.95761617295607,59.07166262754318,56.678810098633456,50.00775870905512,68.11493023791361,39.52462988971324,59.20499492034125,"Quantrill, Cal | deGrom, Jacob | Rocker, Kumar | Gore, MacKenzie","Quantrill, Cal","deGrom, Jacob","Rocker, Kumar","Gore, MacKenzie"
21,Houston Astros,"Lambert, Peter",66.90445727581441,57.914440010444174,54.282788800248525,46.512741340292756,64.80936761889106,38.49292057228474,57.72535928422489,"Lambert, Peter | Brown, Hunter | Wesneski, Hayden | Imai, Tatsuya","Lambert, Peter","Brown, Hunter","Wesneski, Hayden","Imai, Tatsuya"
22,Pittsburgh Pirates,"Ashcraft, Braxton",61.39946875042757,57.06266982936267,54.84668302683108,50.18436041120452,62.940745270863076,42.70558966078308,56.67192578639885,"Ashcraft, Braxton | Skenes, Paul | Jones, Jared | Chandler, Bubba","Ashcraft, Braxton","Skenes, Paul","Jones, Jared","Chandler, Bubba"
23,Minnesota Twins,"Bradley, Taj",63.89837680895806,54.78355760564398,53.17860464215689,49.162845508643926,56.947101746570134,47.52585898553702,55.898164999225074,"Bradley, Taj | Matthews, Zebby | Paredes, Mike | Ryan, Joe","Bradley, Taj","Matthews, Zebby","Paredes, Mike","Ryan, Joe"
24,Baltimore Orioles,"Young, Brandon",62.32319554722453,55.20020210791889,53.20126399858202,49.14484974904095,53.762302422381964,52.359706362882136,55.672859992046234,"Young, Brandon | Rogers, Trevor | Baz, Shane | Bradish, Kyle","Young, Brandon","Rogers, Trevor","Baz, Shane","Bradish, Kyle"
25,Miami Marlins,"Meyer, Max",61.45752558753898,55.71502162630983,52.266254218291635,46.20941953936781,60.41520225618695,40.042832161448665,55.03505382197217,"Meyer, Max | Alcantara, Sandy | Phillips, Tyler | Pérez, Eury","Meyer, Max","Alcantara, Sandy","Phillips, Tyler","Pérez, Eury"
26,Chicago White Sox,"Burke, Sean",58.97171174081871,55.30666221967429,53.40135769528457,49.58158907312722,64.04066405560242,37.442398154807805,54.983102723100394,"Burke, Sean | Martin, Davis | Fedde, Erick | Sandlin, David","Burke, Sean","Martin, Davis","Fedde, Erick","Sandlin, David"
27,Cincinnati Reds,"Burns, Chase",68.04708086144677,53.52812662340901,48.172731506102004,35.32538182392903,55.45723332531834,37.245978777277486,53.35637443953506,"Burns, Chase | Abbott, Andrew | Lodolo, Nick | Williamson, Brandon","Burns, Chase","Abbott, Andrew","Lodolo, Nick","Williamson, Brandon"
28,Athletics,"Ginn, J.T.",60.825691958641386,53.70761619018418,49.69961841322469,42.70903625900627,59.57129291357192,34.89210666270385,53.0357485872299,"Ginn, J.T. | Severino, Luis | Lopez, Jacob | Jump, Gage","Ginn, J.T.","Severino, Luis","Lopez, Jacob","Jump, Gage"
29,San Francisco Giants,"Webb, Logan",54.802438501992846,53.17282065401045,50.68541995836718,47.434009105239525,56.29738379505756,42.26747420333161,52.22192324456175,"Webb, Logan | Roupp, Landen | McDonald, Trevor | Houser, Adrian","Webb, Logan","Roupp, Landen","McDonald, Trevor","Houser, Adrian"
30,Colorado Rockies,"Adams, Mason",45.03872816861848,38.391644724433284,36.32806910345964,32.397588580846225,47.38346601162779,19.744973741207424,38.7415920397468,"Adams, Mason | Quintana, Jose | Sugano, Tomoyuki | Feltner, Ryan","Adams, Mason","Quintana, Jose","Sugano, Tomoyuki","Feltner, Ryan"
