snapshot_date,team,rank,october_shift_score,wins,losses,projected_rotation_rank,projected_rotation_score
2026-08-16,Milwaukee Brewers,1,81.85042571666796,77,48,2,76.43302846658473
2026-08-16,Atlanta Braves,2,80.53288151524929,74,50,8,69.35227542868766
2026-08-16,Tampa Bay Rays,3,77.59681611652721,74,49,11,66.44991337725135
2026-08-16,San Diego Padres,4,74.82221336790084,67,58,10,66.9863310592043
2026-08-16,Chicago Cubs,5,73.98343638237755,72,53,13,65.68446361238901
2026-08-16,Los Angeles Dodgers,6,73.91259474277568,74,51,1,84.21855405831886
2026-08-16,New York Yankees,7,67.61451981238343,69,55,5,70.36966132356156
2026-08-16,Boston Red Sox,8,67.43539834950397,66,58,3,71.89400131902342
2026-08-16,Arizona Diamondbacks,9,63.890680731638255,66,59,4,71.78864909804244
2026-08-16,Detroit Tigers,10,62.84128121891349,60,64,6,69.78825608853818
2026-08-16,Chicago White Sox,11,57.3846846477235,65,58,22,57.12234738051528
2026-08-16,Philadelphia Phillies,12,57.348017769471305,67,58,7,69.60567661657551
2026-08-16,St. Louis Cardinals,13,54.30922780000798,63,61,14,65.00726367290439
2026-08-16,Toronto Blue Jays,14,52.99717382412728,61,65,17,60.55750785368589
2026-08-16,New York Mets,15,52.67666591313229,56,69,18,59.376416397250445
2026-08-16,Houston Astros,16,50.79863609485478,63,62,19,59.01565105361247
2026-08-16,Miami Marlins,17,49.12381142495956,64,61,20,58.11033746439071
2026-08-16,Baltimore Orioles,18,48.41301198019995,61,63,21,57.88325709895765
2026-08-16,Cincinnati Reds,19,43.309455525527824,59,64,15,61.19412882794552
2026-08-16,Seattle Mariners,20,36.31358854918407,59,66,9,67.05743271008006
2026-08-16,Minnesota Twins,21,35.04717415932362,60,65,23,56.47224816128321
2026-08-16,Pittsburgh Pirates,22,33.50198373820652,61,65,28,51.06131252868073
2026-08-16,Texas Rangers,23,32.682585218472475,61,64,27,51.43222473445638
2026-08-16,Cleveland Guardians,24,32.28219485815829,60,65,12,66.07260332693812
2026-08-16,Washington Nationals,25,31.771393293758305,60,66,29,48.987068921545855
2026-08-16,Kansas City Royals,26,25.37798226077265,51,74,16,60.81161415819379
2026-08-16,Los Angeles Angels,27,23.82325648828144,49,76,26,52.123137791977314
2026-08-16,Colorado Rockies,28,19.77005381198485,50,74,30,44.43472477270908
2026-08-16,San Francisco Giants,29,18.86411286177757,51,73,24,54.06201224503008
2026-08-16,Athletics,30,8.382284466759431,49,75,25,54.037859482598336
2026-08-17,Tampa Bay Rays,1,80.35448334835039,75,49,11,66.44341770702073
2026-08-17,Chicago Cubs,2,76.35297946164071,73,53,13,65.53678972466007
2026-08-17,Los Angeles Dodgers,3,75.33631635158355,75,51,1,84.21175548719995
2026-08-17,Boston Red Sox,4,74.1968974353341,67,58,3,71.88657212218051
2026-08-17,Milwaukee Brewers,5,72.62581781975659,77,48,2,76.42796338241111
2026-08-17,Atlanta Braves,6,71.5892321777527,74,51,7,69.43953866730774
2026-08-17,San Diego Padres,7,70.55700050841864,67,59,10,66.97639022406129
2026-08-17,Detroit Tigers,8,67.18778359207926,61,64,8,69.20009035166555
2026-08-17,Philadelphia Phillies,9,64.72199695093538,68,58,6,70.30939844509409
2026-08-17,Arizona Diamondbacks,10,62.67944462536241,66,60,4,71.8060725691603
2026-08-17,New York Yankees,11,61.34259352476734,69,55,5,70.36254038872612
2026-08-17,Chicago White Sox,12,59.18639272822212,65,59,22,57.11338797355962
2026-08-17,New York Mets,13,56.97106429356723,57,69,18,59.80251417031448
2026-08-17,St. Louis Cardinals,14,56.34336833394295,64,62,14,65.1590512468911
2026-08-17,Houston Astros,15,51.648960957937845,63,62,19,59.00910554450878
2026-08-17,Miami Marlins,16,49.20664197353256,64,62,20,58.09883978089938
2026-08-17,Baltimore Orioles,17,48.93617125140123,61,64,21,57.89018309734784
2026-08-17,Toronto Blue Jays,18,48.333027563183855,61,65,16,60.54873583658613
2026-08-17,Cincinnati Reds,19,40.48848223446262,60,65,15,61.38749504388457
2026-08-17,Seattle Mariners,20,39.29605036920761,59,66,9,67.04704123702413
2026-08-17,Cleveland Guardians,21,37.93622585889341,60,65,12,66.06057534126239
2026-08-17,Minnesota Twins,22,37.77230670434076,61,65,23,56.330837869758426
2026-08-17,Washington Nationals,23,32.49433796974073,60,66,29,48.98042269958543
2026-08-17,Pittsburgh Pirates,24,32.28377466864715,61,66,28,51.05008019440711
2026-08-17,Kansas City Royals,25,31.25978960245421,52,74,17,60.28225753874358
2026-08-17,Texas Rangers,26,29.48390280514009,61,64,27,51.42029415071496
2026-08-17,Colorado Rockies,27,26.958200082602502,50,75,30,44.762430243194174
2026-08-17,Los Angeles Angels,28,21.080311960734097,49,76,26,52.11742149810577
2026-08-17,San Francisco Giants,29,19.28932952929971,51,73,24,54.05232947609477
2026-08-17,Athletics,30,16.35314794747953,49,76,25,54.03142159997206
2026-08-18,Milwaukee Brewers,1,78.87169380898472,78,48,2,74.62968481354545
2026-08-18,Boston Red Sox,2,75.78682929486348,68,58,3,71.88442592751164
2026-08-18,Los Angeles Dodgers,3,74.79305078895824,76,51,1,84.20781949413606
2026-08-18,Chicago Cubs,4,74.45637630015891,74,53,12,65.54232530986026
2026-08-18,Tampa Bay Rays,5,72.54031529460883,75,50,14,65.04721843818771
2026-08-18,San Diego Padres,6,71.19186365185462,68,59,9,67.58643107868738
2026-08-18,Atlanta Braves,7,65.25825548654689,74,52,6,69.43391997650582
2026-08-18,Philadelphia Phillies,8,64.28847120781177,69,58,7,69.31112076515255
2026-08-18,New York Yankees,9,61.78487101798382,70,55,5,70.44033136482871
2026-08-18,Detroit Tigers,10,61.7653563025638,61,65,8,69.28356609484565
2026-08-18,Arizona Diamondbacks,11,59.01560515789116,66,61,4,71.80196956800316
2026-08-18,St. Louis Cardinals,12,57.72700978356429,65,62,13,65.23833620631531
2026-08-18,Chicago White Sox,13,57.29180303359249,65,60,22,57.111318272148026
2026-08-18,New York Mets,14,50.7296416166174,57,70,18,59.136127443497415
2026-08-18,Toronto Blue Jays,15,49.58125335274378,62,65,16,60.64079070406015
2026-08-18,Baltimore Orioles,16,46.26920565511401,61,65,21,57.51065036025781
2026-08-18,Houston Astros,17,45.65268434233829,63,63,19,59.00368614598268
2026-08-18,Miami Marlins,18,45.45753356741827,64,63,20,58.1138369789583
2026-08-18,Cleveland Guardians,19,43.253699217798,61,65,11,66.21703450186789
2026-08-18,Minnesota Twins,20,37.73842564881659,62,65,23,56.00149177436296
2026-08-18,Seattle Mariners,21,35.77214001099936,59,67,10,66.31789666439099
2026-08-18,Cincinnati Reds,22,35.70268747127397,60,66,15,61.29059753879655
2026-08-18,Pittsburgh Pirates,23,35.201885298121134,62,66,28,52.0136295484999
2026-08-18,Kansas City Royals,24,31.69461087488218,53,74,17,60.285793040096685
2026-08-18,Texas Rangers,25,30.64443968658995,62,64,27,52.45817396950571
2026-08-18,Washington Nationals,26,29.14349764940949,60,67,29,48.97320046076273
2026-08-18,Colorado Rockies,27,23.698287275816583,50,76,30,45.13408320107628
2026-08-18,Los Angeles Angels,28,23.13293296692714,50,76,24,55.861643393212816
2026-08-18,San Francisco Giants,29,18.431186125538822,51,74,25,54.05581739995884
2026-08-18,Athletics,30,13.779576633581026,49,77,26,54.03245330284479
2026-08-19,Milwaukee Brewers,1,79.3082932838556,78,49,2,74.61953114070953
2026-08-19,Los Angeles Dodgers,2,78.40652942690599,77,51,1,84.19603396726245
2026-08-19,Boston Red Sox,3,75.89784480641323,68,59,4,71.84056854502867
2026-08-19,Tampa Bay Rays,4,75.31067786694555,76,50,14,65.07663365771484
2026-08-19,Chicago Cubs,5,71.56562987010007,74,54,12,65.54651223528393
2026-08-19,San Diego Padres,6,70.00443472897331,68,60,9,67.17766000263563
2026-08-19,Philadelphia Phillies,7,69.53671413104233,70,58,6,69.6931507864193
2026-08-19,New York Yankees,8,64.84969817209213,71,55,5,70.42832201631916
2026-08-19,Arizona Diamondbacks,9,64.51477218903518,67,61,3,71.9436974165214
2026-08-19,Atlanta Braves,10,63.78328156169896,74,53,7,69.41636572746927
2026-08-19,Chicago White Sox,11,59.490624668737226,66,60,22,57.09740471890848
2026-08-19,Detroit Tigers,12,58.565662938530096,61,66,8,69.27543331717933
2026-08-19,New York Mets,13,56.711248446483054,58,70,18,59.126123212606494
2026-08-19,St. Louis Cardinals,14,53.983085965430014,65,63,13,65.22524052143523
2026-08-19,Toronto Blue Jays,15,49.03558532848234,62,66,16,60.63215217939501
2026-08-19,Baltimore Orioles,16,46.83317418239497,61,66,21,57.49429087856805
2026-08-19,Houston Astros,17,45.63250986957006,64,63,20,58.9921246080214
2026-08-19,Miami Marlins,18,42.52517310075644,64,64,19,59.0326577880348
2026-08-19,Minnesota Twins,19,41.3160683839783,63,65,24,54.16352350884779
2026-08-19,Seattle Mariners,20,40.507162485988914,60,67,11,66.32826382924081
2026-08-19,Pittsburgh Pirates,21,39.37113325709099,63,66,28,52.074370989161466
2026-08-19,Cleveland Guardians,22,38.98023180667116,61,66,10,67.05888171311238
2026-08-19,Cincinnati Reds,23,38.682464516797936,61,66,15,61.26594119637833
2026-08-19,Kansas City Royals,24,37.57240053549368,54,74,17,59.75699704444784
2026-08-19,Washington Nationals,25,33.87455054603395,61,67,29,49.81774042108114
2026-08-19,Texas Rangers,26,27.8952809851608,62,65,27,52.44592400937765
2026-08-19,Los Angeles Angels,27,23.40195707067232,50,77,23,56.01445445127284
2026-08-19,Colorado Rockies,28,21.92676128111651,50,77,30,45.12721832258159
2026-08-19,San Francisco Giants,29,19.437760873157064,52,74,25,54.04249010093561
2026-08-19,Athletics,30,14.140319090475192,49,78,26,54.02326524955363
2026-08-20,Milwaukee Brewers,1,80.89001522392897,79,49,2,74.61982603370065
2026-08-20,Los Angeles Dodgers,2,78.68281045867852,77,51,1,84.19635883737432
2026-08-20,Boston Red Sox,3,77.02024507542978,68,59,4,71.84098414702954
2026-08-20,Chicago Cubs,4,72.07296868588526,74,54,11,65.54660502355952
2026-08-20,Tampa Bay Rays,5,70.23472633669468,76,51,13,64.64046563557544
2026-08-20,San Diego Padres,6,70.05172080837832,68,60,9,67.17826938053915
2026-08-20,Philadelphia Phillies,7,69.19174547750356,70,58,6,69.69389133164901
2026-08-20,New York Yankees,8,66.89095520742165,72,55,5,70.9276592178145
2026-08-20,Arizona Diamondbacks,9,65.83619323956282,67,61,3,71.94402827776346
2026-08-20,Atlanta Braves,10,64.46718573943313,75,53,8,68.6020826431449
2026-08-20,St. Louis Cardinals,11,60.05149344959819,66,63,14,64.63616524448528
2026-08-20,Detroit Tigers,12,59.566268401704576,61,66,7,69.27563471995323
2026-08-20,New York Mets,13,57.26956869598382,58,70,18,59.126452529670296
2026-08-20,Chicago White Sox,14,55.60087955908632,66,61,22,57.42732988585392
2026-08-20,Toronto Blue Jays,15,54.29678689274365,63,66,16,60.63266881470036
2026-08-20,Baltimore Orioles,16,44.05310790361022,61,67,21,57.632729184224246
2026-08-20,Houston Astros,17,43.95178156502413,64,64,20,58.84114070238736
2026-08-20,Miami Marlins,18,43.45510258284939,64,64,19,59.03331554503548
2026-08-20,Kansas City Royals,19,43.11163199762475,55,74,17,59.91719857668168
2026-08-20,Cleveland Guardians,20,42.53666946262617,62,66,10,66.59585470475956
2026-08-20,Minnesota Twins,21,42.4253041262096,63,65,24,54.16377568160034
2026-08-20,Pittsburgh Pirates,22,40.15051417980653,63,66,28,52.075053828413736
2026-08-20,Seattle Mariners,23,39.09899825180849,60,68,12,65.12339873124276
2026-08-20,Cincinnati Reds,24,38.17342032919299,61,67,15,61.10987810131799
2026-08-20,Texas Rangers,25,33.4190640606415,63,65,26,53.56675292409907
2026-08-20,Los Angeles Angels,26,31.18797340636304,51,77,23,56.014590856255154
2026-08-20,Washington Nationals,27,30.004456566769576,61,68,29,50.02841288153324
2026-08-20,Colorado Rockies,28,23.29618605349773,50,77,30,45.12748559427526
2026-08-20,San Francisco Giants,29,19.452694189752684,52,75,27,53.48552865465451
2026-08-20,Athletics,30,13.63162606254957,49,79,25,53.90105974357797
2026-08-21,Milwaukee Brewers,1,82.27605684422535,80,49,2,76.21043027594325
2026-08-21,Los Angeles Dodgers,2,80.49142775784249,78,51,1,85.57523264090946
2026-08-21,Boston Red Sox,3,78.69037324675355,69,59,4,72.67844966453
2026-08-21,Philadelphia Phillies,4,70.71011108609231,71,58,6,70.38182056857616
2026-08-21,Chicago Cubs,5,69.89081702675037,74,55,11,66.19331608162696
2026-08-21,San Diego Padres,6,69.87695284828213,69,60,9,68.43604752965044
2026-08-21,New York Yankees,7,68.9123186437117,73,55,5,72.41033610120334
2026-08-21,Arizona Diamondbacks,8,67.55641654663562,68,61,3,72.69972499467139
2026-08-21,Tampa Bay Rays,9,65.1128114192402,76,52,14,65.442213781752
2026-08-21,Atlanta Braves,10,62.98192403517142,75,54,7,70.09711807980179
2026-08-21,Chicago White Sox,11,58.80561248668885,67,61,23,56.95395811709818
2026-08-21,St. Louis Cardinals,12,56.59264213345831,66,64,13,65.54048371749434
2026-08-21,Detroit Tigers,13,53.57210906670659,61,67,8,68.94017038573585
2026-08-21,New York Mets,14,52.37542803151773,58,71,20,59.0133664314899
2026-08-21,Toronto Blue Jays,15,51.71720326944235,63,67,16,61.455429277927
2026-08-21,Cleveland Guardians,16,49.17141058264511,63,66,10,67.30187680764762
2026-08-21,Kansas City Royals,17,47.5993541058142,56,74,17,60.474754317058334
2026-08-21,Houston Astros,18,47.284040588154745,65,64,18,59.62538142589228
2026-08-21,Baltimore Orioles,19,46.23181486252954,62,67,21,58.99250324310589
2026-08-21,Miami Marlins,20,45.27289067548925,65,64,19,59.56855196798172
2026-08-21,Seattle Mariners,21,43.30484024899759,61,68,12,65.91731598231488
2026-08-21,Minnesota Twins,22,39.60408550581281,63,66,24,54.77054700472258
2026-08-21,Pittsburgh Pirates,23,38.23345513479552,63,67,28,52.84171743366288
2026-08-21,Cincinnati Reds,24,35.05338677669462,61,68,15,61.828648076690286
2026-08-21,Texas Rangers,25,34.12588422216092,64,65,25,54.48188653947776
2026-08-21,Los Angeles Angels,26,30.258965505946453,51,78,22,57.16444601103564
2026-08-21,Washington Nationals,27,28.51159434804782,61,69,29,50.7360272173576
2026-08-21,San Francisco Giants,28,19.2229132129166,52,76,26,53.94256887731379
2026-08-21,Colorado Rockies,29,18.476015794555043,50,78,30,46.16703550948766
2026-08-21,Athletics,30,10.5322380161287,49,80,27,53.42405096162781
2026-08-22,Milwaukee Brewers,1,84.25904715386201,81,49,2,76.27623420235862
2026-08-22,Los Angeles Dodgers,2,80.42776779781724,79,51,1,85.72044775908836
2026-08-22,Boston Red Sox,3,79.70599569671148,70,59,3,72.23251564102013
2026-08-22,Philadelphia Phillies,4,71.8225959462072,72,58,6,70.02557813149431
2026-08-22,San Diego Padres,5,70.4628058613333,70,60,9,67.9219937370835
2026-08-22,New York Yankees,6,66.1764203954286,73,56,5,71.98367672948797
2026-08-22,Chicago Cubs,7,66.06313660441906,74,56,11,65.72436603320028
2026-08-22,Arizona Diamondbacks,8,62.71485996435548,68,62,4,72.21676937281174
2026-08-22,Tampa Bay Rays,9,61.69549462110064,76,53,14,65.00778042056338
2026-08-22,Atlanta Braves,10,58.34886690211227,75,55,7,69.43585743751277
2026-08-22,Chicago White Sox,11,54.61151216924209,67,62,23,56.5600287065211
2026-08-22,New York Mets,12,54.562662123265085,59,71,20,58.36385709834976
2026-08-22,Toronto Blue Jays,13,53.51908795715024,64,67,15,62.003918564101205
2026-08-22,St. Louis Cardinals,14,51.537743770565385,66,65,13,65.10454366358704
2026-08-22,Kansas City Royals,15,50.29300700666092,57,74,17,60.50492636719762
2026-08-22,Cleveland Guardians,16,50.08260878134136,64,66,10,67.10459704090334
2026-08-22,Detroit Tigers,17,49.560806817994525,61,68,8,68.23194866476112
2026-08-22,Miami Marlins,18,48.52471762916146,66,64,19,59.40286188582103
2026-08-22,Baltimore Orioles,19,46.19805874673139,63,67,21,57.3876301437418
2026-08-22,Seattle Mariners,20,44.97352952403973,62,68,12,65.52442079240333
2026-08-22,Houston Astros,21,43.77254117633051,65,65,18,59.47071676516288
2026-08-22,Minnesota Twins,22,39.30714213102626,63,67,24,54.40288263699797
2026-08-22,Cincinnati Reds,23,38.56972657916455,62,68,16,61.29989102794035
2026-08-22,Pittsburgh Pirates,24,37.545916232653965,63,68,28,52.68918621309573
2026-08-22,Texas Rangers,25,32.279966773573186,64,66,25,54.1237823976912
2026-08-22,Los Angeles Angels,26,30.76981995224484,52,78,22,56.75809545779197
2026-08-22,Washington Nationals,27,25.11960185228013,61,70,29,49.88404908909376
2026-08-22,San Francisco Giants,28,18.82888743993282,52,77,27,53.62841117561944
2026-08-22,Colorado Rockies,29,16.994412429814247,50,79,30,45.781832857759895
2026-08-22,Athletics,30,13.821536883161144,50,80,26,53.98781392236519
2026-08-23,Milwaukee Brewers,1,81.74427653052247,81,50,2,76.26269599944284
2026-08-23,Los Angeles Dodgers,2,80.92855363550827,80,51,1,85.70881751086466
2026-08-23,Boston Red Sox,3,79.9371866999769,71,59,5,71.32968486264781
2026-08-23,San Diego Padres,4,73.54202662870105,71,60,9,67.90556959785356
2026-08-23,Philadelphia Phillies,5,73.09448944368835,73,58,6,70.06072441181888
2026-08-23,Chicago Cubs,6,71.49044684008314,75,56,12,65.33619384685666
2026-08-23,New York Yankees,7,69.60572597524781,74,56,3,72.05037071484338
2026-08-23,Arizona Diamondbacks,8,66.14126463243176,69,62,4,71.84064468311682
2026-08-23,Tampa Bay Rays,9,62.31320436878279,77,53,14,64.23909546889455
2026-08-23,Atlanta Braves,10,59.33603432687942,76,55,7,69.41645290452699
2026-08-23,Chicago White Sox,11,56.3789778774258,68,62,23,56.546833063188274
2026-08-23,Kansas City Royals,12,54.6174196977439,58,74,17,60.501707235921096
2026-08-23,Cleveland Guardians,13,51.49159813753384,65,66,10,67.16631920200126
2026-08-23,New York Mets,14,50.58936723567734,59,72,20,59.30393433957456
2026-08-23,St. Louis Cardinals,15,50.24276689042336,66,66,13,65.10915225212057
2026-08-23,Miami Marlins,16,50.20868261822701,67,64,19,59.39937659106148
2026-08-23,Toronto Blue Jays,17,48.77100746864252,64,68,15,61.79719056990288
2026-08-23,Detroit Tigers,18,48.4155934910073,61,69,8,68.22333007408312
2026-08-23,Baltimore Orioles,19,44.339537012902575,63,68,21,57.49660763206037
2026-08-23,Houston Astros,20,43.277421002450815,65,66,18,59.45727073442585
2026-08-23,Seattle Mariners,21,41.696915858217736,62,69,11,65.46783280437548
2026-08-23,Minnesota Twins,22,37.58719607281788,63,68,25,54.46326899689074
2026-08-23,Cincinnati Reds,23,36.3243145389609,62,69,16,61.70297402572992
2026-08-23,Texas Rangers,24,36.038440114669406,65,66,24,55.049339557337
2026-08-23,Pittsburgh Pirates,25,35.5605112624538,63,69,28,52.67779643997178
2026-08-23,Los Angeles Angels,26,27.761435881551225,52,79,22,56.74044908653791
2026-08-23,Washington Nationals,27,24.52222141950145,61,71,29,49.8694046804902
2026-08-23,Athletics,28,19.60700380677453,51,80,26,53.978796525710806
2026-08-23,San Francisco Giants,29,16.18072518948508,52,78,27,53.61873996423407
2026-08-23,Colorado Rockies,30,14.647522905793132,50,80,30,43.08023365931167
2026-08-24,Milwaukee Brewers,1,82.29215497971786,81,50,2,76.27113605244325
2026-08-24,Boston Red Sox,2,82.14356931154484,72,59,5,71.33635293405122
2026-08-24,Los Angeles Dodgers,3,81.61299502545629,80,51,1,85.71462799829058
2026-08-24,Chicago Cubs,4,74.99829116273594,76,56,12,65.32996146179075
2026-08-24,Philadelphia Phillies,5,72.04026647844832,73,59,6,70.0355692678227
2026-08-24,San Diego Padres,6,71.22136807765409,71,61,8,68.00887793332836
2026-08-24,New York Yankees,7,69.78814348545761,74,56,3,72.05899930891374
2026-08-24,Tampa Bay Rays,8,65.55652971035394,78,53,14,63.13749601940927
2026-08-24,Arizona Diamondbacks,9,64.17052166620023,69,63,4,71.84842525778876
2026-08-24,Atlanta Braves,10,60.58231468896852,76,55,7,69.43102862468905
2026-08-24,Kansas City Royals,11,55.19710808459138,58,74,17,60.49978319532983
2026-08-24,Cleveland Guardians,12,54.46750263797893,66,66,10,67.18734727969782
2026-08-24,Chicago White Sox,13,54.34643352849301,68,63,23,56.5582834132908
2026-08-24,New York Mets,14,51.76006791101802,59,72,20,59.31092741637307
2026-08-24,St. Louis Cardinals,15,51.30051625011529,66,66,13,65.11977427053341
2026-08-24,Toronto Blue Jays,16,50.86282445089679,64,68,15,61.80129949825671
2026-08-24,Miami Marlins,17,50.5475830947353,67,65,18,59.766373320243375
2026-08-24,Seattle Mariners,18,47.864495393988896,63,69,11,65.50311858839294
2026-08-24,Detroit Tigers,19,46.41111135793725,61,70,9,67.69318127804141
2026-08-24,Baltimore Orioles,20,46.04587415978664,63,68,21,57.5082091446081
2026-08-24,Houston Astros,21,44.49683222190304,65,66,19,59.466371328550935
2026-08-24,Texas Rangers,22,43.2793121074341,66,66,24,55.05876102626861
2026-08-24,Minnesota Twins,23,40.546847148490365,64,68,25,54.90459576504596
2026-08-24,Pittsburgh Pirates,24,38.54859895158183,64,69,27,53.705015971760574
2026-08-24,Cincinnati Reds,25,36.58272380723009,62,70,16,61.54164154570677
2026-08-24,Washington Nationals,26,31.763570326432493,62,71,29,50.688724715514816
2026-08-24,Los Angeles Angels,27,28.927232645964736,52,80,22,57.46624764487628
2026-08-24,San Francisco Giants,28,21.957625971841228,53,78,28,53.62692520829808
2026-08-24,Athletics,29,19.44133864977925,51,81,26,53.98516449471374
2026-08-24,Colorado Rockies,30,13.396852521287478,50,81,30,41.58142274825123
2026-08-25,Boston Red Sox,1,83.7745506735152,73,59,5,70.8382195135872
2026-08-25,Los Angeles Dodgers,2,80.08004363274642,80,52,1,85.74534954726751
2026-08-25,Milwaukee Brewers,3,79.93496108112608,81,51,2,76.42057007486426
2026-08-25,Chicago Cubs,4,71.80012991632913,76,57,11,66.83541996992449
2026-08-25,New York Yankees,5,69.39919380779288,74,57,3,72.06062105077284
2026-08-25,Philadelphia Phillies,6,67.83916697348471,73,60,6,70.39482128411093
2026-08-25,San Diego Padres,7,66.86306002801383,71,62,8,68.89658429245128
2026-08-25,Arizona Diamondbacks,8,64.39857266972942,70,63,4,70.89004524160586
2026-08-25,Tampa Bay Rays,9,62.28560344248101,78,54,14,63.1397391898948
2026-08-25,Atlanta Braves,10,61.72715658981091,77,55,7,69.89020044076283
2026-08-25,Cleveland Guardians,11,56.726900270837085,67,66,10,67.19558938444494
2026-08-25,Chicago White Sox,12,55.61730988460689,69,63,23,56.75603200105388
2026-08-25,Kansas City Royals,13,54.27911637823991,59,74,17,60.047241322636616
2026-08-25,New York Mets,14,52.84057542180296,60,72,19,59.50209529717719
2026-08-25,Seattle Mariners,15,49.84774087790733,64,69,13,64.64272165033142
2026-08-25,Baltimore Orioles,16,48.62099137078574,64,68,21,57.51317139857915
2026-08-25,Toronto Blue Jays,17,48.10241780571165,64,69,15,61.804915789176576
2026-08-25,Miami Marlins,18,46.70446756340337,67,66,18,59.92062551161882
2026-08-25,Detroit Tigers,19,45.57593685779946,62,70,9,67.69309111212509
2026-08-25,Houston Astros,20,45.42204165037492,66,66,20,59.46803052795277
2026-08-25,St. Louis Cardinals,21,44.2239063515705,66,67,12,65.12316301737278
2026-08-25,Texas Rangers,22,42.620688907309976,66,67,25,55.150774835440814
2026-08-25,Minnesota Twins,23,37.69984508425276,64,69,24,55.237241041495
2026-08-25,Pittsburgh Pirates,24,35.99549927755699,65,69,26,54.135205242565526
2026-08-25,Cincinnati Reds,25,34.00562357975021,62,71,16,61.03728336547819
2026-08-25,Washington Nationals,26,27.766032708820017,62,72,29,50.83032850820401
2026-08-25,Los Angeles Angels,27,27.358362325555248,52,81,22,56.76319755410908
2026-08-25,San Francisco Giants,28,24.028920201502043,54,78,28,53.68909172228845
2026-08-25,Athletics,29,19.757967206783,52,81,27,53.72955457761248
2026-08-25,Colorado Rockies,30,11.076768872149444,51,81,30,41.58152778196178
2026-08-26,Boston Red Sox,1,81.0044214881635,73,60,6,70.87173012392165
2026-08-26,Milwaukee Brewers,2,80.98279979587979,82,51,2,77.38217113710724
2026-08-26,Los Angeles Dodgers,3,77.97146967352626,80,53,1,86.0877345978802
2026-08-26,New York Yankees,4,72.10840801984142,75,57,3,72.86669753767828
2026-08-26,Chicago Cubs,5,70.72985944299346,76,58,11,67.7094721410274
2026-08-26,Philadelphia Phillies,6,68.96926964609837,74,60,7,70.85880793575018
2026-08-26,San Diego Padres,7,67.68772902237521,72,62,8,70.05700897774231
2026-08-26,Arizona Diamondbacks,8,65.08143869328913,71,63,4,72.47348978995606
2026-08-26,Atlanta Braves,9,65.01081063704729,78,55,5,70.88943227645618
2026-08-26,Tampa Bay Rays,10,61.56927169814264,79,54,14,64.29287900795345
2026-08-26,Cleveland Guardians,11,58.51716957000844,68,66,10,67.89855288971529
2026-08-26,Chicago White Sox,12,58.306837349024285,70,63,23,56.59535041409968
2026-08-26,Kansas City Royals,13,52.2731053320469,59,75,16,62.10735616101812
2026-08-26,New York Mets,14,50.43317953385013,60,73,19,60.54192901639274
2026-08-26,Baltimore Orioles,15,48.57575973637135,65,68,22,57.71397666223993
2026-08-26,Toronto Blue Jays,16,46.85089451106376,65,69,15,62.75516562730836
2026-08-26,Seattle Mariners,17,43.69057378224997,64,70,13,65.47048025540231
2026-08-26,Miami Marlins,18,42.820247667795776,68,66,18,60.591544141235104
2026-08-26,Detroit Tigers,19,42.32457903008228,62,71,9,68.82291161815489
2026-08-26,St. Louis Cardinals,20,41.65005379859343,66,68,12,66.27076096626531
2026-08-26,Texas Rangers,21,40.13946861459736,66,68,24,56.47162192687574
2026-08-26,Houston Astros,22,40.07559369285634,66,67,21,57.95079300912972
2026-08-26,Cincinnati Reds,23,36.69486694399252,63,71,17,61.99189184011299
2026-08-26,Minnesota Twins,24,36.34771674258711,64,70,25,56.366851231243366
2026-08-26,Pittsburgh Pirates,25,32.646778170597344,65,70,26,54.68963786328483
2026-08-26,Los Angeles Angels,26,24.03037292519905,52,82,20,58.10753531692753
2026-08-26,San Francisco Giants,27,22.770458154728875,54,79,28,53.63720739326921
2026-08-26,Washington Nationals,28,22.62457429341046,62,73,29,52.23834890704085
2026-08-26,Athletics,29,20.45304770784328,53,81,27,54.57968884792149
2026-08-26,Colorado Rockies,30,15.947150449548948,52,81,30,43.153564745981605
2026-08-27,Milwaukee Brewers,1,83.77461367444253,83,51,2,77.67270302228269
2026-08-27,Boston Red Sox,2,79.53217785263563,73,60,6,70.54919150618956
2026-08-27,Los Angeles Dodgers,3,72.75228083246728,80,54,1,86.25762276405966
2026-08-27,New York Yankees,4,70.38976099353087,75,58,3,72.96785036565127
2026-08-27,Chicago Cubs,5,69.80645575938702,76,58,11,67.44614239003546
2026-08-27,Philadelphia Phillies,6,67.92335694473532,74,60,7,70.45830116151461
2026-08-27,San Diego Padres,7,67.4102237310027,72,62,8,69.7632168878894
2026-08-27,Atlanta Braves,8,64.45105948162981,79,55,5,71.43222010665883
2026-08-27,Tampa Bay Rays,9,61.28622148161056,79,54,14,64.01072882994185
2026-08-27,Arizona Diamondbacks,10,59.75295868542325,71,64,4,72.14215168943275
2026-08-27,Cleveland Guardians,11,58.06494032289019,68,66,10,67.58181327615964
2026-08-27,Chicago White Sox,12,57.4075459938358,70,63,23,56.379429814832896
2026-08-27,Kansas City Royals,13,55.82356854534483,60,75,16,61.766085635689066
2026-08-27,Baltimore Orioles,14,45.9067094173545,65,69,22,57.23095603261054
2026-08-27,St. Louis Cardinals,15,45.187299543970816,67,68,12,66.01281293425342
2026-08-27,Toronto Blue Jays,16,44.323948745023245,65,70,15,62.51976005809254
2026-08-27,Houston Astros,17,44.05687027562771,67,67,21,57.32140648102272
2026-08-27,Seattle Mariners,18,43.439483315055206,64,70,13,65.12615393938125
2026-08-27,New York Mets,19,42.65223304309924,60,74,19,59.86680027913442
2026-08-27,Miami Marlins,20,42.3081412511344,68,66,18,60.27147879837906
2026-08-27,Detroit Tigers,21,42.16312943825975,62,71,9,68.5519043742889
2026-08-27,Texas Rangers,22,39.500728792091145,66,68,24,56.25583763228365
2026-08-27,Cincinnati Reds,23,36.56500754014505,63,71,17,61.72568408139711
2026-08-27,Minnesota Twins,24,35.749069363490726,64,70,25,56.11469710573705
2026-08-27,Pittsburgh Pirates,25,32.31031078389699,65,70,26,54.430810006021616
2026-08-27,Washington Nationals,26,26.474744685946632,63,73,29,51.49977216073128
2026-08-27,San Francisco Giants,27,26.25774432955345,55,79,28,53.173096718558455
2026-08-27,Los Angeles Angels,28,24.08677562952763,52,82,20,57.87947399004395
2026-08-27,Athletics,29,20.35238085452182,53,81,27,54.388960225182856
2026-08-27,Colorado Rockies,30,13.690388350302849,52,82,30,43.01359363690717
2026-08-28,Milwaukee Brewers,1,86.1458175731303,84,51,2,77.38758682413939
2026-08-28,Boston Red Sox,2,77.78404109278202,73,61,6,69.81688230842997
2026-08-28,Los Angeles Dodgers,3,75.04418870167225,81,54,1,85.47320623895631
2026-08-28,New York Yankees,4,70.35670694584644,76,58,3,72.2495293599033
2026-08-28,Atlanta Braves,5,68.69801677308958,80,55,5,70.87399572963417
2026-08-28,Chicago Cubs,6,68.6458425516156,76,59,11,66.7275770312666
2026-08-28,Philadelphia Phillies,7,68.41113703517641,75,60,7,69.78137281493261
2026-08-28,Arizona Diamondbacks,8,65.29015675008472,72,64,4,71.39888247450783
2026-08-28,San Diego Padres,9,64.78773106141858,72,63,8,68.72416194190677
2026-08-28,Tampa Bay Rays,10,61.72327920133528,80,54,14,63.33950624335292
2026-08-28,Chicago White Sox,11,61.12945077886832,71,63,24,55.75478224429552
2026-08-28,Kansas City Royals,12,58.20667556741181,61,75,16,62.22065563713472
2026-08-28,Cleveland Guardians,13,55.49103374046859,68,67,10,67.39671803110998
2026-08-28,Toronto Blue Jays,14,49.596176142970734,66,70,15,62.66875793071771
2026-08-28,Baltimore Orioles,15,49.05392853916707,66,69,21,57.75002844920148
2026-08-28,Houston Astros,16,46.91070173927444,68,67,23,57.40636307127743
2026-08-28,St. Louis Cardinals,17,46.75686771184749,68,68,12,65.2863202841911
2026-08-28,Seattle Mariners,18,43.18350768924013,64,71,13,64.0873373781581
2026-08-28,Detroit Tigers,19,42.13805141373327,62,72,9,68.27458660392882
2026-08-28,Miami Marlins,20,41.43703415341325,68,67,18,59.74883877462519
2026-08-28,Cincinnati Reds,21,41.28905914592983,64,71,17,60.78089030625822
2026-08-28,Texas Rangers,22,40.27369819197736,66,69,20,57.94626832298576
2026-08-28,New York Mets,23,37.73248739822036,60,75,19,58.57757478288272
2026-08-28,Minnesota Twins,24,34.87756464310751,64,71,25,55.54343204172371
2026-08-28,Washington Nationals,25,31.60052378671468,64,73,29,50.92568803118692
2026-08-28,Pittsburgh Pirates,26,31.00187761454178,65,71,27,54.05139538957879
2026-08-28,San Francisco Giants,27,27.887113825715986,55,80,28,53.34162920614833
2026-08-28,Los Angeles Angels,28,22.98901322404788,52,83,22,57.67588154572878
2026-08-28,Athletics,29,20.45970197451293,53,82,26,54.062451832007646
2026-08-28,Colorado Rockies,30,14.921931912433577,52,83,30,41.00185615450694
2026-08-29,Milwaukee Brewers,1,86.54705687458133,85,51,2,77.38175785138394
2026-08-29,Boston Red Sox,2,74.44655157407882,74,62,6,69.57344654717322
2026-08-29,Los Angeles Dodgers,3,70.31383742899881,81,55,1,85.46768848251716
2026-08-29,Chicago Cubs,4,70.0155361491065,77,59,11,66.73937129505356
2026-08-29,Atlanta Braves,5,69.49681560231295,81,55,5,70.86139258576361
2026-08-29,Philadelphia Phillies,6,68.74194332070576,76,60,7,69.28998062807848
2026-08-29,New York Yankees,7,66.45410299330513,77,59,3,72.36141710947138
2026-08-29,Tampa Bay Rays,8,64.01545774585009,81,54,14,63.70243506098468
2026-08-29,Arizona Diamondbacks,9,62.93288339470874,73,65,4,71.16027026015202
2026-08-29,Chicago White Sox,10,61.68237092020789,72,63,24,55.92577452321678
2026-08-29,San Diego Padres,11,60.727649719402,72,64,8,68.70847946844616
2026-08-29,Kansas City Royals,12,59.67248234901672,62,75,16,62.22397761557504
2026-08-29,Cleveland Guardians,13,51.05120537942072,68,68,10,67.46167734874712
2026-08-29,Baltimore Orioles,14,51.017544348578326,67,69,21,57.84722136487554
2026-08-29,Toronto Blue Jays,15,50.7488695866898,67,70,15,63.07771936425095
2026-08-29,Houston Astros,16,46.63665290481804,68,68,23,57.41243818182738
2026-08-29,St. Louis Cardinals,17,44.622690051736406,68,69,12,65.29498801883014
2026-08-29,Cincinnati Reds,18,42.59997549260008,64,72,17,60.789024155489685
2026-08-29,Detroit Tigers,19,42.13201150358097,63,72,9,68.08027831296104
2026-08-29,New York Mets,20,41.54954940900041,61,75,20,59.51621816379584
2026-08-29,Seattle Mariners,21,40.743204241821175,64,72,13,64.07253729539195
2026-08-29,Texas Rangers,22,39.80434121025338,66,70,19,59.61470392631272
2026-08-29,Miami Marlins,23,38.91181148664148,68,68,18,59.94684835698504
2026-08-29,Pittsburgh Pirates,24,35.28625391648552,66,71,27,54.03680112651451
2026-08-29,Minnesota Twins,25,33.33091634516612,64,72,25,55.54436758128098
2026-08-29,Washington Nationals,26,32.68627049491128,65,73,29,50.89833907486705
2026-08-29,San Francisco Giants,27,29.684643018869338,56,81,28,53.33886211408466
2026-08-29,Athletics,28,20.947807464205614,53,83,26,54.058384605335824
2026-08-29,Los Angeles Angels,29,19.488854130831527,52,84,22,57.67523127128818
2026-08-29,Colorado Rockies,30,13.365449772456738,52,84,30,41.01061400274089
2026-08-30,Milwaukee Brewers,1,88.02287236332921,85,52,2,77.37560424128287
2026-08-30,New York Yankees,2,77.24378950358218,78,59,3,72.355168086548
2026-08-30,Atlanta Braves,3,75.75332271854919,82,55,5,70.85428075654315
2026-08-30,Los Angeles Dodgers,4,75.1375048781507,82,55,1,85.62369646280183
2026-08-30,Boston Red Sox,5,74.31588231243181,74,63,6,69.56602348978276
2026-08-30,Philadelphia Phillies,6,72.96563848331387,77,60,8,68.47117693813868
2026-08-30,Chicago Cubs,7,69.72698836960195,77,60,11,66.89220579304553
2026-08-30,Tampa Bay Rays,8,66.94019843725619,82,54,13,64.5520591936583
2026-08-30,Arizona Diamondbacks,9,65.60487124146007,73,65,4,71.1544197286379
2026-08-30,Cleveland Guardians,10,60.96559135920756,69,68,9,68.18928979230238
2026-08-30,Kansas City Royals,11,59.360345777148495,62,76,16,62.29321511991621
2026-08-30,Chicago White Sox,12,58.71707046944435,72,64,25,55.9136007527473
2026-08-30,Toronto Blue Jays,13,58.092808276162025,68,70,15,63.066767860198574
2026-08-30,San Diego Padres,14,57.98503502288872,72,65,7,68.80877521141213
2026-08-30,Baltimore Orioles,15,55.775431938811664,68,69,21,57.83638657643558
2026-08-30,Houston Astros,16,51.14576746165457,69,68,23,57.40649298600185
2026-08-30,Texas Rangers,17,48.322922859895,67,70,19,59.610572942502415
2026-08-30,Cincinnati Reds,18,45.124745165558615,65,72,20,58.92634620132899
2026-08-30,Miami Marlins,19,44.48242677427998,69,68,17,59.936990247524434
2026-08-30,St. Louis Cardinals,20,42.828950925066,68,70,12,65.28456007333318
2026-08-30,Detroit Tigers,21,42.10627389780658,63,73,10,68.02890249173231
2026-08-30,New York Mets,22,41.457625025709135,61,76,18,59.64809165834874
2026-08-30,Seattle Mariners,23,37.45874559716108,64,73,14,64.12835038398077
2026-08-30,Pittsburgh Pirates,24,36.26690007978759,67,71,26,54.2239256348684
2026-08-30,Minnesota Twins,25,35.30134634567364,65,72,24,56.02787628386024
2026-08-30,Washington Nationals,26,34.185657116847345,65,74,29,51.1387508785719
2026-08-30,San Francisco Giants,27,30.222147025833785,56,81,28,53.33199164697314
2026-08-30,Athletics,28,19.84647691372398,53,84,27,54.04724742137178
2026-08-30,Los Angeles Angels,29,19.36571593669149,52,85,22,57.66894197462561
2026-08-30,Colorado Rockies,30,11.15919414480444,52,85,30,41.00259201725263
2026-08-31,Milwaukee Brewers,1,86.093285983757,85,53,2,77.44686632226609
2026-08-31,Boston Red Sox,2,76.73646120604212,75,63,6,69.63521189091827
2026-08-31,Los Angeles Dodgers,3,75.49812526359518,82,55,1,85.63003881831631
2026-08-31,Chicago Cubs,4,74.35534029815132,78,60,10,68.07442720432026
2026-08-31,New York Yankees,5,74.197807488075,78,60,3,72.37476586590546
2026-08-31,Atlanta Braves,6,73.34485540478319,82,56,4,70.70750080292727
2026-08-31,Philadelphia Phillies,7,73.11944931359749,78,60,8,68.6180810492369
2026-08-31,Tampa Bay Rays,8,65.78147049901429,82,55,13,65.00883991501452
2026-08-31,Cleveland Guardians,9,62.115000896422806,69,68,9,68.22381614030971
2026-08-31,Baltimore Orioles,10,59.72322066834656,69,69,22,57.869920189982665
2026-08-31,Kansas City Royals,11,59.41178917915415,62,76,16,62.303991432829136
2026-08-31,Arizona Diamondbacks,12,59.31106032735228,73,66,5,70.19532537850577
2026-08-31,San Diego Padres,13,58.83146064236495,73,65,7,69.57909377736969
2026-08-31,Toronto Blue Jays,14,58.70920672996076,68,70,15,63.0974624088107
2026-08-31,Chicago White Sox,15,57.43037615479056,72,65,25,55.406749761548056
2026-08-31,Houston Astros,16,52.26152990638789,70,68,23,56.82332365443513
2026-08-31,Texas Rangers,17,50.949129946844046,68,70,20,58.74626691806982
2026-08-31,Miami Marlins,18,46.04771768706124,69,69,17,59.96783543749687
2026-08-31,Cincinnati Reds,19,43.8188123905224,65,73,19,58.79929010416241
2026-08-31,St. Louis Cardinals,20,43.52115810149706,68,70,12,65.31388775386658
2026-08-31,Minnesota Twins,21,42.20624725148099,66,72,24,55.807894191597526
2026-08-31,New York Mets,22,41.94970557442228,62,76,18,59.67273397612767
2026-08-31,Detroit Tigers,23,41.55496804979528,63,74,11,68.03902449171895
2026-08-31,Seattle Mariners,24,39.16835490907373,64,74,14,64.32417518910259
2026-08-31,Pittsburgh Pirates,25,37.41357266104991,67,71,26,54.2606126903427
2026-08-31,Washington Nationals,26,36.91139665336284,66,74,29,51.169927169464415
2026-08-31,San Francisco Giants,27,34.71638598654261,57,81,28,53.35269655479111
2026-08-31,Los Angeles Angels,28,22.40604437154832,53,85,21,58.08956285300481
2026-08-31,Athletics,29,17.929864524914368,53,85,27,54.23454736839981
2026-08-31,Colorado Rockies,30,12.77416955777468,52,86,30,41.71275569325647
2026-09-01,Milwaukee Brewers,1,87.87902843944744,86,53,2,76.65474886901296
2026-09-01,New York Yankees,2,76.88057591582024,79,60,3,71.3407400783461
2026-09-01,Boston Red Sox,3,74.08501588749846,75,64,6,68.94147305813368
2026-09-01,Los Angeles Dodgers,4,74.00365542767989,82,56,1,85.37195067283805
2026-09-01,Philadelphia Phillies,5,73.95233972700187,79,60,8,68.78922919853989
2026-09-01,Chicago Cubs,6,73.05272525580229,78,61,10,67.35786409156321
2026-09-01,Atlanta Braves,7,72.42075064756975,82,57,4,69.93533733358136
2026-09-01,Tampa Bay Rays,8,70.5160179096483,83,55,12,64.08651935773273
2026-09-01,Cleveland Guardians,9,63.39905426775493,70,68,9,67.53581974379796
2026-09-01,San Diego Padres,10,60.5285197799768,73,66,7,68.84900426537732
2026-09-01,Chicago White Sox,11,58.507124407259695,73,65,25,54.6355401238009
2026-09-01,Kansas City Royals,12,56.65852883844112,62,77,16,61.35023909126016
2026-09-01,Arizona Diamondbacks,13,56.30187227276641,73,67,5,69.43082297449831
2026-09-01,Baltimore Orioles,14,54.2875463266883,69,70,22,56.37818777063582
2026-09-01,Toronto Blue Jays,15,54.272724220532496,68,71,14,62.38333162829756
2026-09-01,Texas Rangers,16,51.77374330978452,69,70,20,57.68394345403483
2026-09-01,Minnesota Twins,17,48.49945117946199,67,72,24,54.93877939275353
2026-09-01,Houston Astros,18,47.57287227343546,70,69,23,55.86275575073323
2026-09-01,Cincinnati Reds,19,45.90000440490961,66,73,19,57.93286710266877
2026-09-01,St. Louis Cardinals,20,45.5156206662911,69,70,15,62.05186415397691
2026-09-01,Miami Marlins,21,45.50419862781153,70,69,17,59.63494564038442
2026-09-01,Washington Nationals,22,43.52883815932824,67,74,29,50.47950991951086
2026-09-01,Seattle Mariners,23,40.48508751741139,65,74,13,63.42062048274396
2026-09-01,Detroit Tigers,24,39.56059647026842,63,75,11,66.17632010686208
2026-09-01,New York Mets,25,39.316971036392296,62,77,18,57.94030660561082
2026-09-01,Pittsburgh Pirates,26,39.18802505193595,68,71,26,53.51454273908095
2026-09-01,San Francisco Giants,27,36.74502177755739,57,82,28,52.6511104696681
2026-09-01,Los Angeles Angels,28,22.80871311772608,53,86,21,56.96929404051125
2026-09-01,Athletics,29,15.490992583575718,53,86,27,53.23716604108665
2026-09-01,Colorado Rockies,30,14.595938257103365,53,86,30,40.39945637320053
2026-09-02,Milwaukee Brewers,1,88.6984438469514,87,53,2,76.92739708964561
2026-09-02,New York Yankees,2,78.28871761359551,80,60,3,72.79571807144539
2026-09-02,Atlanta Braves,3,76.31119833023205,83,57,4,70.23718280119529
2026-09-02,Los Angeles Dodgers,4,74.06553938836217,82,57,1,86.20850703744874
2026-09-02,Chicago Cubs,5,72.2120273005195,78,62,10,67.84268350436673
2026-09-02,Boston Red Sox,6,71.33760727168068,75,65,7,69.5301005800258
2026-09-02,Philadelphia Phillies,7,69.54502681737924,79,61,6,69.54046946257651
2026-09-02,Tampa Bay Rays,8,67.2706849954885,83,56,12,64.45494272698076
2026-09-02,Toronto Blue Jays,9,60.00851902129219,69,71,14,63.63655894523888
2026-09-02,Arizona Diamondbacks,10,57.59478010825808,74,67,5,70.01093059971215
2026-09-02,Cleveland Guardians,11,57.30075952189428,70,69,8,68.1384372584022
2026-09-02,San Diego Padres,12,55.86307302698279,73,67,9,67.9772658658761
2026-09-02,Kansas City Royals,13,54.80234246543176,62,78,16,61.95429668704814
2026-09-02,Chicago White Sox,14,54.21784625524116,73,66,25,54.87347813394459
2026-09-02,Houston Astros,15,50.84427223909965,71,69,20,58.205359728359305
2026-09-02,Texas Rangers,16,50.01522927450995,69,71,22,57.39042552442552
2026-09-02,Cincinnati Reds,17,49.735461786772106,67,73,19,58.40956149837996
2026-09-02,Baltimore Orioles,18,49.23244627929735,69,71,23,56.17046872515071
2026-09-02,St. Louis Cardinals,19,49.0083990237838,70,70,15,62.515963918598125
2026-09-02,Miami Marlins,20,48.93914730424753,71,69,17,59.171210459921376
2026-09-02,Minnesota Twins,21,46.934438351007465,67,73,24,55.49178176136825
2026-09-02,Detroit Tigers,22,43.23140805802468,64,75,11,67.20466353305773
2026-09-02,New York Mets,23,42.3006621478166,63,77,18,58.42891546455008
2026-09-02,Seattle Mariners,24,42.12358907500566,66,74,13,64.05994841878848
2026-09-02,Washington Nationals,25,41.26610046736317,67,75,29,50.823209084811744
2026-09-02,Pittsburgh Pirates,26,39.54715692131903,68,72,27,54.23321057144295
2026-09-02,San Francisco Giants,27,39.46296657647665,58,82,28,53.363066538676975
2026-09-02,Los Angeles Angels,28,21.49108505045377,53,87,21,57.82926431387857
2026-09-02,Athletics,29,20.164343889436022,54,86,26,54.42664291744177
2026-09-02,Colorado Rockies,30,16.65032766299681,54,86,30,40.019306823365554
2026-09-03,Milwaukee Brewers,1,85.5799420800918,87,54,2,76.71824629341548
2026-09-03,New York Yankees,2,78.31865949943777,80,60,3,72.15799191145562
2026-09-03,Atlanta Braves,3,76.475607014849,83,57,5,69.62580645757878
2026-09-03,Los Angeles Dodgers,4,74.36075436733313,83,57,1,85.46285336878123
2026-09-03,Chicago Cubs,5,72.47091914190102,79,62,10,67.18920164440804
2026-09-03,Boston Red Sox,6,70.78411860529229,76,65,4,69.69100448426121
2026-09-03,Philadelphia Phillies,7,69.32844070867635,79,61,7,69.01758845221353
2026-09-03,Tampa Bay Rays,8,63.096830975868784,83,57,12,63.88145798097426
2026-09-03,Toronto Blue Jays,9,61.03090302978323,70,71,14,62.830276808974816
2026-09-03,Arizona Diamondbacks,10,58.19294738930223,74,67,6,69.38344160510016
2026-09-03,San Diego Padres,11,56.24498750142495,73,67,9,67.36132780727631
2026-09-03,Houston Astros,12,56.13032967771611,72,69,17,58.265321320234605
2026-09-03,Kansas City Royals,13,55.95850724545107,63,78,15,62.2834596485185
2026-09-03,Cleveland Guardians,14,54.5083915251821,70,70,8,67.57799740212914
2026-09-03,Texas Rangers,15,50.75701662597923,70,71,21,57.60898727891652
2026-09-03,Chicago White Sox,16,49.51059611894611,73,67,25,54.33700371968804
2026-09-03,Baltimore Orioles,17,48.91352375118432,69,72,23,56.73996128931175
2026-09-03,Cincinnati Reds,18,48.61801180409742,67,73,19,57.887514049290345
2026-09-03,St. Louis Cardinals,19,47.04232191806527,70,71,16,61.92905231332473
2026-09-03,Minnesota Twins,20,46.441394072923615,67,73,24,55.04545221006908
2026-09-03,Miami Marlins,21,44.31477310651856,71,70,20,57.75846711097684
2026-09-03,Detroit Tigers,22,42.86965896826266,64,75,11,66.55349481788018
2026-09-03,Seattle Mariners,23,42.65666872474029,66,75,13,63.55142790473592
2026-09-03,New York Mets,24,41.90746737184116,63,77,18,57.90895152774937
2026-09-03,Pittsburgh Pirates,25,41.73897889819663,69,72,27,53.761114622865485
2026-09-03,Washington Nationals,26,40.61432987482544,67,75,29,50.3262018716744
2026-09-03,San Francisco Giants,27,35.849447203914565,58,83,28,52.2078177350248
2026-09-03,Athletics,28,22.00290017103727,55,86,26,53.89193943163555
2026-09-03,Los Angeles Angels,29,21.06683562146377,53,87,22,57.28293398373812
2026-09-03,Colorado Rockies,30,15.570528834161877,54,86,30,39.58086096370256
2026-09-04,Milwaukee Brewers,1,88.60850196562946,88,54,2,77.49382548008819
2026-09-04,Atlanta Braves,2,78.07144281224973,84,57,4,70.9653387499882
2026-09-04,New York Yankees,3,75.67645383895254,80,61,3,72.93123780990769
2026-09-04,Chicago Cubs,4,73.43232516949105,80,62,11,67.13974872489993
2026-09-04,Los Angeles Dodgers,5,73.0705228343905,84,57,1,85.70012540154131
2026-09-04,Boston Red Sox,6,69.89801913853034,77,65,5,70.33408386427132
2026-09-04,Philadelphia Phillies,7,64.7774673166245,79,62,7,70.0584890694608
2026-09-04,Tampa Bay Rays,8,63.31976481718142,84,57,12,64.86336227706632
2026-09-04,Toronto Blue Jays,9,63.25156381096799,71,71,13,63.60903520528064
2026-09-04,Cleveland Guardians,10,57.972657079717045,72,70,8,68.50366383878138
2026-09-04,Houston Astros,11,57.09723111303252,73,69,18,59.20263299416816
2026-09-04,San Diego Padres,12,56.97313826455422,74,67,9,68.17882451901941
2026-09-04,Arizona Diamondbacks,13,55.94084054405768,74,68,6,70.06892796447394
2026-09-04,Kansas City Royals,14,52.447463861416296,63,79,15,62.84200192677272
2026-09-04,Chicago White Sox,15,51.51347503018757,74,67,26,55.69881009717478
2026-09-04,Texas Rangers,16,50.74631043952672,70,72,20,58.58963120280608
2026-09-04,New York Mets,17,49.50909291304173,64,77,17,59.557667562593466
2026-09-04,St. Louis Cardinals,18,48.93998166546329,71,71,16,62.16543043855164
2026-09-04,Cincinnati Reds,19,48.75887774300231,67,74,19,58.6732104678508
2026-09-04,Baltimore Orioles,20,45.40178174819419,69,73,24,57.85637718824557
2026-09-04,Minnesota Twins,21,45.02398966531141,67,74,25,56.02710464418631
2026-09-04,Pittsburgh Pirates,22,42.89484036951509,70,72,28,54.86171666934152
2026-09-04,Miami Marlins,23,41.6787344987852,71,71,22,58.32871999396946
2026-09-04,Detroit Tigers,24,40.67091009329807,64,77,10,67.44616908335283
2026-09-04,Seattle Mariners,25,40.26219424233568,66,76,14,63.5612614381999
2026-09-04,Washington Nationals,26,39.29771345940628,67,76,23,58.31248527743685
2026-09-04,San Francisco Giants,27,34.24998751991437,58,84,29,53.00369470757038
2026-09-04,Athletics,28,25.428391622596468,56,86,27,54.90474991253628
2026-09-04,Los Angeles Angels,29,18.62533983989044,53,88,21,58.34491646340048
2026-09-04,Colorado Rockies,30,15.006906975384368,54,87,30,40.45541089639019
2026-09-05,Milwaukee Brewers,1,84.30859499665266,88,55,2,77.48928785815832
2026-09-05,New York Yankees,2,75.46639673688586,81,61,3,73.03399973957515
2026-09-05,Chicago Cubs,3,74.63705219070371,81,62,11,67.27601220301372
2026-09-05,Atlanta Braves,4,74.39918394335531,84,58,4,70.95912020149866
2026-09-05,Los Angeles Dodgers,5,72.92758792888625,85,57,1,86.15189393249756
2026-09-05,Boston Red Sox,6,70.59802620575805,78,65,6,70.70332237595524
2026-09-05,Tampa Bay Rays,7,67.04057559970552,85,57,12,65.73508814592122
2026-09-05,Philadelphia Phillies,8,66.92817223761864,80,62,7,70.43066882880966
2026-09-05,Toronto Blue Jays,9,63.867195122773175,72,71,13,63.601281350671
2026-09-05,Houston Astros,10,54.465447993503886,73,70,18,59.1998385765672
2026-09-05,Arizona Diamondbacks,11,54.1810055992348,75,68,5,70.92313589793338
2026-09-05,Cleveland Guardians,12,53.214965533164914,72,71,8,69.19164809461697
2026-09-05,San Diego Padres,13,51.59957530498589,74,68,9,68.14125814514021
2026-09-05,Cincinnati Reds,14,50.041171509179,68,74,24,57.74308836506329
2026-09-05,Chicago White Sox,15,49.84425249770068,74,68,26,55.42692292579862
2026-09-05,Texas Rangers,16,47.7782578542226,70,73,20,59.01492787233062
2026-09-05,St. Louis Cardinals,17,47.636102399375226,71,72,16,62.15976960704072
2026-09-05,Kansas City Royals,18,46.84085337078648,63,80,15,62.61736438799522
2026-09-05,New York Mets,19,45.18039523951667,64,78,17,59.667150365854944
2026-09-05,Minnesota Twins,20,44.81071208878062,68,74,25,56.19100287332397
2026-09-05,Baltimore Orioles,21,41.4989574018811,69,74,23,57.846912114626825
2026-09-05,Miami Marlins,22,41.33285206421028,71,72,22,58.31984169928583
2026-09-05,Pittsburgh Pirates,23,40.22942993437971,70,73,27,55.02662125410077
2026-09-05,Detroit Tigers,24,39.9251606773138,65,77,10,67.57917819929577
2026-09-05,Washington Nationals,25,38.75688909993556,67,77,19,59.03508368600268
2026-09-05,San Francisco Giants,26,37.0584224585866,59,84,29,52.995842945334
2026-09-05,Seattle Mariners,27,34.91492969212577,66,77,14,62.67478224090901
2026-09-05,Athletics,28,25.0478420242633,57,86,28,54.897794738487626
2026-09-05,Los Angeles Angels,29,19.456939318355168,54,88,21,58.34197618551431
2026-09-05,Colorado Rockies,30,15.628639061389771,55,87,30,40.45438016264694
2026-09-06,Milwaukee Brewers,1,83.69068734305009,88,56,2,76.40324390960808
2026-09-06,Atlanta Braves,2,78.38963196846669,85,58,5,70.97136838451229
2026-09-06,Los Angeles Dodgers,3,78.0463121001919,86,57,1,86.159819055683
2026-09-06,New York Yankees,4,75.62987436707628,81,62,3,72.78960576379856
2026-09-06,Chicago Cubs,5,74.59578676389064,81,63,11,67.09775137516104
2026-09-06,Boston Red Sox,6,72.9282845153802,79,65,6,70.88307725646155
2026-09-06,Philadelphia Phillies,7,67.40781738034286,80,63,7,70.78182210386956
2026-09-06,Tampa Bay Rays,8,66.32683829472141,85,58,12,65.80478620133377
2026-09-06,Toronto Blue Jays,9,61.24858031685015,72,72,13,63.61464843444487
2026-09-06,San Diego Padres,10,56.619043809303214,75,68,9,68.85393007015996
2026-09-06,Arizona Diamondbacks,11,55.09030805150431,76,68,4,70.9768085046348
2026-09-06,Cincinnati Reds,12,54.90692712598847,69,74,24,57.281384964454425
2026-09-06,Chicago White Sox,13,54.09344387348889,75,68,26,55.440052755048
2026-09-06,Texas Rangers,14,52.89230973562719,71,73,21,59.05920348480846
2026-09-06,St. Louis Cardinals,15,52.428814679625766,72,72,15,62.171863570326806
2026-09-06,Houston Astros,16,52.27966871347715,73,71,17,60.186364010108086
2026-09-06,Cleveland Guardians,17,51.74971584875018,73,71,8,69.50378937810227
2026-09-06,Kansas City Royals,18,49.48286525764127,64,80,16,61.50233134892889
2026-09-06,New York Mets,19,49.139792378604525,65,78,18,59.89414102260224
2026-09-06,Miami Marlins,20,46.64662591192098,72,72,22,58.478667381967554
2026-09-06,Minnesota Twins,21,42.16465474244952,68,75,25,56.20273721183532
2026-09-06,Pittsburgh Pirates,22,41.36823778534424,71,73,27,54.3991442124766
2026-09-06,Washington Nationals,23,40.18003036513713,67,78,20,59.14335726895389
2026-09-06,Detroit Tigers,24,39.96455326138102,65,78,10,67.58232168438857
2026-09-06,Baltimore Orioles,25,39.314878547437885,69,75,23,57.945843752629074
2026-09-06,Seattle Mariners,26,36.492267904710666,67,77,14,63.05166416048771
2026-09-06,San Francisco Giants,27,34.32713148942678,59,85,29,53.010736090660345
2026-09-06,Athletics,28,22.762171891037205,57,87,28,54.35992978575657
2026-09-06,Los Angeles Angels,29,17.44150962951181,54,89,19,59.48640436096478
2026-09-06,Colorado Rockies,30,15.621182253550234,55,88,30,41.077227969768906
2026-09-07,Milwaukee Brewers,1,84.00876298093692,89,56,2,76.6754562798571
2026-09-07,Los Angeles Dodgers,2,80.41528726307241,87,57,1,86.4998456698928
2026-09-07,Boston Red Sox,3,75.43810182391294,80,65,7,71.40672968161557
2026-09-07,New York Yankees,4,75.302864493349,81,62,3,73.24953684686646
2026-09-07,Atlanta Braves,5,73.7817184666962,85,59,5,72.1005013856796
2026-09-07,Chicago Cubs,6,71.45181740679297,81,64,10,67.55443801925968
2026-09-07,Tampa Bay Rays,7,65.71449948488893,85,58,11,66.41747043618649
2026-09-07,Philadelphia Phillies,8,64.80348134227168,81,63,4,72.14544672963775
2026-09-07,Toronto Blue Jays,9,60.29029184893203,72,73,13,64.17149119249632
2026-09-07,San Diego Padres,10,56.607080247285765,76,68,9,69.36258924607365
2026-09-07,Arizona Diamondbacks,11,55.91292779473671,77,68,6,71.47259700443286
2026-09-07,New York Mets,12,54.16865424054522,66,78,18,60.63669780003718
2026-09-07,Chicago White Sox,13,53.19913245202343,75,68,26,56.1704708468444
2026-09-07,Texas Rangers,14,52.674279112951375,71,73,21,59.73185506201045
2026-09-07,Houston Astros,15,51.884959813635206,73,71,17,60.82511446057028
2026-09-07,Cincinnati Reds,16,50.90053325753324,69,75,24,57.42027208094685
2026-09-07,Cleveland Guardians,17,50.46614900909552,73,72,8,70.08407751856997
2026-09-07,St. Louis Cardinals,18,48.64481988367498,72,73,15,62.51667803066664
2026-09-07,Kansas City Royals,19,46.2279757560884,64,81,16,62.263990392216456
2026-09-07,Miami Marlins,20,43.74748081171593,72,73,23,58.29541400674061
2026-09-07,Minnesota Twins,21,42.97106054552067,68,76,25,56.34752319796053
2026-09-07,Detroit Tigers,22,41.29859369474856,66,78,12,64.74882314758139
2026-09-07,Baltimore Orioles,23,41.28624687552901,70,75,22,59.55855411268921
2026-09-07,Pittsburgh Pirates,24,40.815391536211926,71,73,28,55.30051399235236
2026-09-07,Washington Nationals,25,37.353478074756914,67,79,20,60.02277934888022
2026-09-07,San Francisco Giants,26,36.8001179671104,60,85,29,52.61661815567786
2026-09-07,Seattle Mariners,27,36.61797834214857,67,77,14,63.85756764159957
2026-09-07,Athletics,28,26.099859538578965,58,87,27,55.67471045174739
2026-09-07,Los Angeles Angels,29,16.587591064284425,54,90,19,60.18828775921769
2026-09-07,Colorado Rockies,30,14.892074972456257,55,88,30,42.068544525019504
2026-09-08,Milwaukee Brewers,1,82.56341675878556,90,56,2,75.47118567754225
2026-09-08,Los Angeles Dodgers,2,81.29015592934613,88,57,1,86.97450702446625
2026-09-08,New York Yankees,3,74.93947964060254,82,62,3,73.92675406253353
2026-09-08,Boston Red Sox,4,69.75495466670966,80,66,7,71.39709157678439
2026-09-08,Tampa Bay Rays,5,69.34822784895402,86,58,11,66.40760195139995
2026-09-08,Atlanta Braves,6,68.94263504499531,85,60,5,72.09045766987909
2026-09-08,Chicago Cubs,7,66.06283710005721,81,65,10,67.55254184679215
2026-09-08,Toronto Blue Jays,8,61.839087853012,73,73,13,64.54250121400801
2026-09-08,Philadelphia Phillies,9,60.5214367493242,81,64,4,72.1298157297957
2026-09-08,San Diego Padres,10,57.56235354872107,77,68,9,68.69322685406529
2026-09-08,Arizona Diamondbacks,11,56.63571609128344,78,68,6,71.46476401012814
2026-09-08,Texas Rangers,12,55.98065565308513,72,73,18,61.25548206424769
2026-09-08,New York Mets,13,55.93770257149359,67,78,20,60.05695247934408
2026-09-08,Houston Astros,14,54.44479382715738,74,71,17,62.24899609066927
2026-09-08,Cleveland Guardians,15,54.175585436553206,74,72,8,69.79211549267184
2026-09-08,Chicago White Sox,16,47.29783869457052,75,69,26,56.05699300229591
2026-09-08,Cincinnati Reds,17,46.00494962644456,69,76,24,57.40494122632732
2026-09-08,Pittsburgh Pirates,18,45.54546549487018,72,73,28,55.58626844187126
2026-09-08,St. Louis Cardinals,19,42.959651666984605,72,74,16,62.50545077132855
2026-09-08,Minnesota Twins,20,42.59971647170948,69,76,25,56.342269339682574
2026-09-08,Kansas City Royals,21,42.29437182375334,64,82,15,63.03353414578452
2026-09-08,Miami Marlins,22,40.12106294332636,72,74,23,57.45072741553969
2026-09-08,Baltimore Orioles,23,37.61540077670661,70,76,22,58.894447793115866
2026-09-08,Detroit Tigers,24,36.4179141335968,66,79,12,65.1234221050311
2026-09-08,San Francisco Giants,25,35.622348901551405,61,85,29,53.17303453561628
2026-09-08,Washington Nationals,26,33.241316572009495,67,80,21,60.020187953227456
2026-09-08,Seattle Mariners,27,31.790360376137315,67,78,14,63.842630888315135
2026-09-08,Athletics,28,23.041485124682445,58,88,27,55.66627489140986
2026-09-08,Los Angeles Angels,29,18.50504379282956,55,90,19,60.54158979057415
2026-09-08,Colorado Rockies,30,11.530216397186994,55,89,30,42.068818705167175
2026-09-09,Los Angeles Dodgers,1,87.21211332477897,89,57,1,85.19487087693633
2026-09-09,Milwaukee Brewers,2,85.61456973169406,91,56,2,74.3084656078377
2026-09-09,New York Yankees,3,76.06597510809253,83,62,3,72.89186038120042
2026-09-09,Tampa Bay Rays,4,70.11057359738196,87,58,11,64.89088340648856
2026-09-09,Boston Red Sox,5,66.92126885052325,80,67,7,70.0400922063836
2026-09-09,Chicago Cubs,6,65.99834520447557,81,66,10,66.61802395013467
2026-09-09,Atlanta Braves,7,64.53176670803194,85,61,4,71.02733756893493
2026-09-09,San Diego Padres,8,61.39796047458691,78,68,9,67.70067896486388
2026-09-09,Philadelphia Phillies,9,61.29966302794256,82,64,5,70.57724627950331
2026-09-09,New York Mets,10,58.16633761020043,68,78,19,59.200224236522914
2026-09-09,Toronto Blue Jays,11,57.27791657198698,73,74,12,63.68077837617612
2026-09-09,Arizona Diamondbacks,12,55.12770436262923,78,69,6,70.45615644662874
2026-09-09,Texas Rangers,13,54.05467143041505,72,74,20,59.08100626490248
2026-09-09,Houston Astros,14,53.58156966394747,74,72,17,61.46404015831581
2026-09-09,Cleveland Guardians,15,51.282592847606914,74,73,8,68.59802136207892
2026-09-09,Pittsburgh Pirates,16,46.47139772723076,73,73,28,54.80540657609106
2026-09-09,Chicago White Sox,17,45.6967032060763,75,70,25,55.35257551189738
2026-09-09,Kansas City Royals,18,44.43062186891652,65,82,15,61.934428702640766
2026-09-09,Cincinnati Reds,19,43.72329433916605,69,77,24,56.37080535324657
2026-09-09,St. Louis Cardinals,20,42.98327559578418,72,75,16,61.73881031367689
2026-09-09,Miami Marlins,21,41.677770858177375,72,75,23,56.70690210524784
2026-09-09,Minnesota Twins,22,40.83568619445579,69,77,26,54.89414481475429
2026-09-09,Detroit Tigers,23,40.63717958567715,67,79,13,63.1236480954744
2026-09-09,Baltimore Orioles,24,38.93715870440701,71,76,21,58.19573145526618
2026-09-09,San Francisco Giants,25,38.55598451765136,62,85,29,52.37830206351335
2026-09-09,Seattle Mariners,26,36.33004400248534,68,78,14,62.96754097395176
2026-09-09,Washington Nationals,27,26.63272836436716,67,81,22,57.32109862063376
2026-09-09,Los Angeles Angels,28,23.468823351609803,56,90,18,59.60081740867626
2026-09-09,Athletics,29,22.864912282970824,59,88,27,54.87702459591293
2026-09-09,Colorado Rockies,30,12.542308483433429,55,90,30,41.368317759106446
2026-09-10,Los Angeles Dodgers,1,88.45292923874221,89,57,1,85.19446478145106
2026-09-10,Milwaukee Brewers,2,87.27878442400441,91,56,2,74.30530249679201
2026-09-10,New York Yankees,3,80.77834115632436,84,62,3,72.84060883619638
2026-09-10,Chicago Cubs,4,67.77180720132355,81,66,10,66.61595242317777
2026-09-10,Boston Red Sox,5,67.70382292101813,80,67,7,70.03389039273894
2026-09-10,Tampa Bay Rays,6,67.29709208463962,87,59,11,65.20810327703873
2026-09-10,Atlanta Braves,7,65.52306130536306,86,61,4,71.02135309319269
2026-09-10,San Diego Padres,8,61.95636729603745,78,68,9,67.69095528568238
2026-09-10,New York Mets,9,59.59739042266336,68,78,20,59.19279448818983
2026-09-10,Philadelphia Phillies,10,59.3506413517857,82,65,5,70.94751913257022
2026-09-10,Toronto Blue Jays,11,58.25721698689821,73,74,12,63.67172124259653
2026-09-10,Arizona Diamondbacks,12,55.522589730700574,78,69,6,70.45137176849485
2026-09-10,Houston Astros,13,53.55503921846406,75,72,17,61.460102247828
2026-09-10,Cleveland Guardians,14,52.449203168237474,74,73,8,68.58777387954389
2026-09-10,Texas Rangers,15,51.78322238592303,72,75,19,59.46212778495818
2026-09-10,Pittsburgh Pirates,16,49.10417437430285,74,73,25,55.611368144228415
2026-09-10,Kansas City Royals,17,45.58245089015404,65,82,15,61.93186644409522
2026-09-10,Cincinnati Reds,18,45.30528364935929,69,77,24,56.35932925904672
2026-09-10,St. Louis Cardinals,19,44.86646125742321,72,75,16,61.72966762367491
2026-09-10,Chicago White Sox,20,44.3754098635719,75,71,26,55.34232418106219
2026-09-10,Miami Marlins,21,43.21382908547207,72,75,23,56.69721252646373
2026-09-10,Minnesota Twins,22,41.774300021806944,69,77,27,54.888378172815
2026-09-10,Detroit Tigers,23,41.01853165336342,67,79,13,63.11865091451423
2026-09-10,San Francisco Giants,24,40.53833081702396,62,85,29,52.37075347742196
2026-09-10,Baltimore Orioles,25,39.74564074073047,71,76,21,58.18545223305701
2026-09-10,Seattle Mariners,26,36.7639513140636,69,78,14,62.37596420764994
2026-09-10,Washington Nationals,27,27.92137487303446,67,81,22,57.31660477716062
2026-09-10,Athletics,28,24.62385941089604,59,88,28,54.86919612531624
2026-09-10,Los Angeles Angels,29,24.52173554275352,56,90,18,59.59747148083535
2026-09-10,Colorado Rockies,30,12.67360684424508,55,91,30,41.15787956791793
2026-09-11,Milwaukee Brewers,1,90.09595041889436,92,56,2,74.30317478490454
2026-09-11,Los Angeles Dodgers,2,89.5036385694035,90,57,1,85.19043673563422
2026-09-11,New York Yankees,3,79.25453608039757,85,62,3,73.2855804255925
2026-09-11,Tampa Bay Rays,4,70.78454973642854,88,59,11,66.00442414593806
2026-09-11,Chicago Cubs,5,68.28147215461223,82,66,9,67.17767958543126
2026-09-11,San Diego Padres,6,65.45115627783959,79,68,10,67.02323710314467
2026-09-11,Atlanta Braves,7,65.05665094086675,87,61,4,71.63611740269268
2026-09-11,Boston Red Sox,8,63.8972392469618,80,68,6,70.66711048985329
2026-09-11,Arizona Diamondbacks,9,58.47158861843107,79,69,7,70.4474229844323
2026-09-11,New York Mets,10,57.56698655107946,68,79,19,59.24134967884761
2026-09-11,Philadelphia Phillies,11,55.29336225603958,82,66,5,71.2232218375277
2026-09-11,Toronto Blue Jays,12,54.99495022723045,73,75,12,63.66619063226506
2026-09-11,Cleveland Guardians,13,51.92817912471957,75,73,8,67.98011751469966
2026-09-11,St. Louis Cardinals,14,48.64291249369586,73,75,16,61.72384990002568
2026-09-11,Houston Astros,15,48.06267005588394,75,73,17,61.458391326252126
2026-09-11,Pittsburgh Pirates,16,45.7826254702462,74,74,25,55.60368526098868
2026-09-11,Kansas City Royals,17,45.69858947379532,66,82,15,61.87119549258162
2026-09-11,Detroit Tigers,18,44.20426631642805,68,79,13,63.3904325312551
2026-09-11,Texas Rangers,19,43.73112295838055,72,76,20,58.96066461130542
2026-09-11,Miami Marlins,20,40.99634413447886,72,76,23,56.69199599344377
2026-09-11,Chicago White Sox,21,40.69757165398656,75,72,26,54.93088286482208
2026-09-11,Cincinnati Reds,22,39.82367285013863,69,78,24,56.35477863854496
2026-09-11,Baltimore Orioles,23,37.777512041351166,72,76,21,58.17687036587554
2026-09-11,Seattle Mariners,24,34.83105446278432,69,79,14,61.95161668608199
2026-09-11,San Francisco Giants,25,34.59239893731637,62,86,29,52.36409933198881
2026-09-11,Minnesota Twins,26,34.58634655806459,69,78,28,54.6377025074367
2026-09-11,Washington Nationals,27,29.975784576913803,68,81,22,57.97926191521928
2026-09-11,Athletics,28,28.95693500654296,60,88,27,54.86507122731646
2026-09-11,Los Angeles Angels,29,22.80471601187361,56,91,18,59.59577090894722
2026-09-11,Colorado Rockies,30,9.348288058081724,55,92,30,41.15865439255964
2026-09-12,Milwaukee Brewers,1,90.18552590014632,93,56,2,74.3090664411443
2026-09-12,Los Angeles Dodgers,2,85.34386611590928,90,58,1,84.80968013748632
2026-09-12,New York Yankees,3,77.43139081998648,85,63,3,72.65269924355509
2026-09-12,Atlanta Braves,4,71.60537179115018,88,61,4,71.65047463295954
2026-09-12,Tampa Bay Rays,5,70.22935940688933,89,59,10,66.37709808815104
2026-09-12,San Diego Padres,6,69.58162782666832,80,68,9,67.7454131164481
2026-09-12,Chicago Cubs,7,69.43076212588404,83,66,11,63.73355018963221
2026-09-12,Boston Red Sox,8,66.44976051541057,81,68,6,70.68215075987878
2026-09-12,New York Mets,9,60.482410706703405,69,79,21,58.211886783449366
2026-09-12,Toronto Blue Jays,10,58.98332841676337,74,75,12,63.681760931343575
2026-09-12,Arizona Diamondbacks,11,56.14334455155304,79,70,7,70.17603761454032
2026-09-12,Detroit Tigers,12,51.5417477096769,69,79,13,63.39928474016462
2026-09-12,Philadelphia Phillies,13,49.69208699711516,82,67,5,71.24645737017835
2026-09-12,Cleveland Guardians,14,47.93465539262659,75,74,8,68.00276052784719
2026-09-12,Seattle Mariners,15,45.49656274536375,70,79,14,62.56439203664541
2026-09-12,Kansas City Royals,16,44.884788574901854,66,83,15,62.22167854394337
2026-09-12,Houston Astros,17,44.66414320910276,75,74,16,61.69068910231282
2026-09-12,Texas Rangers,18,44.53542336692832,73,76,19,59.026619867895
2026-09-12,St. Louis Cardinals,19,44.06043143803555,73,76,17,60.99639159264949
2026-09-12,Pittsburgh Pirates,20,42.62392247786017,74,75,24,56.02555230554823
2026-09-12,Miami Marlins,21,42.44127305738305,73,76,23,56.4049952389868
2026-09-12,Cincinnati Reds,22,39.20752130077039,69,79,25,55.25489616434776
2026-09-12,Chicago White Sox,23,38.22848393858006,76,72,27,54.94672891741215
2026-09-12,Baltimore Orioles,24,36.61517929435029,72,77,22,58.09260959985211
2026-09-12,Minnesota Twins,25,35.845616680046625,70,78,28,54.65028558691724
2026-09-12,San Francisco Giants,26,35.01315066864716,62,87,29,52.38180641271708
2026-09-12,Washington Nationals,27,31.329338752771967,69,81,20,58.64923814762187
2026-09-12,Athletics,28,23.321956346246782,60,89,26,54.96339455700973
2026-09-12,Los Angeles Angels,29,20.920280290724826,56,92,18,59.78167648732887
2026-09-12,Colorado Rockies,30,5.804399562792501,55,93,30,40.87416395517279
2026-09-13,Milwaukee Brewers,1,88.15053421829474,93,57,2,74.30401114699043
2026-09-13,Los Angeles Dodgers,2,86.29164368699654,90,59,1,84.80192314204615
2026-09-13,New York Yankees,3,78.47427502625621,86,63,3,73.21701666099325
2026-09-13,Tampa Bay Rays,4,76.03486981771334,90,59,10,66.36351609182307
2026-09-13,San Diego Padres,5,72.21049875620582,81,68,8,67.72865199803424
2026-09-13,Boston Red Sox,6,70.47268828127515,82,68,6,71.11463584840034
2026-09-13,Chicago Cubs,7,69.46032697930796,83,67,11,63.73032049520986
2026-09-13,Atlanta Braves,8,67.76452548328265,88,62,4,71.72515740266589
2026-09-13,Toronto Blue Jays,9,61.46107245490328,75,75,15,61.97899123563302
2026-09-13,New York Mets,10,60.60371359723417,69,80,20,58.936958475197656
2026-09-13,Arizona Diamondbacks,11,57.87557530428705,79,71,7,70.06549238685248
2026-09-13,Cleveland Guardians,12,57.43346273743742,76,74,9,67.54387271826067
2026-09-13,Detroit Tigers,13,56.04617692299088,70,79,12,63.39164805105578
2026-09-13,Philadelphia Phillies,14,56.03552631730015,83,67,5,71.22725759600169
2026-09-13,Texas Rangers,15,49.962216243831406,74,76,19,59.41790554017526
2026-09-13,Pittsburgh Pirates,16,47.51681189131003,75,75,23,56.11390073802114
2026-09-13,Seattle Mariners,17,46.68679738450433,70,80,13,62.545412033647885
2026-09-13,Houston Astros,18,44.61268402935364,75,75,17,60.92308065152949
2026-09-13,Miami Marlins,19,44.31905300984136,74,76,24,55.82333404645069
2026-09-13,St. Louis Cardinals,20,44.257767702553856,74,76,16,61.245016433553566
2026-09-13,Cincinnati Reds,21,38.98946444859052,70,79,25,55.16504678060091
2026-09-13,Chicago White Sox,22,38.456594974993656,76,73,26,54.932829832721005
2026-09-13,Kansas City Royals,23,38.43607133355801,66,84,14,62.228084608677335
2026-09-13,Baltimore Orioles,24,36.9432287504642,72,78,22,58.28453330429726
2026-09-13,Washington Nationals,25,32.55841090855161,70,81,21,58.64430674410367
2026-09-13,Minnesota Twins,26,32.395901140658694,70,79,28,54.50793363390044
2026-09-13,San Francisco Giants,27,32.06749407492703,62,88,29,52.610732157686826
2026-09-13,Athletics,28,27.31234568858005,61,89,27,54.738329932997374
2026-09-13,Los Angeles Angels,29,22.028352048616185,56,93,18,59.77698709386936
2026-09-13,Colorado Rockies,30,3.951691117078812,55,94,30,40.87333951607007
2026-09-14,Milwaukee Brewers,1,87.11511481226637,93,57,2,74.30410386969974
2026-09-14,Los Angeles Dodgers,2,86.16255817787997,91,59,1,85.24400025011673
2026-09-14,New York Yankees,3,79.05977494997485,87,63,3,73.21677047240851
2026-09-14,Tampa Bay Rays,4,75.03727394989583,90,59,10,66.36329635834991
2026-09-14,San Diego Padres,5,74.23446500615869,82,68,8,67.84657591399008
2026-09-14,Chicago Cubs,6,69.58829266800312,84,67,11,63.730709280114176
2026-09-14,Boston Red Sox,7,69.5630731621521,82,68,6,71.11433371097036
2026-09-14,Atlanta Braves,8,67.28167270208232,88,63,4,71.72480657029725
2026-09-14,Arizona Diamondbacks,9,58.97331055945839,80,71,7,70.0654080911611
2026-09-14,New York Mets,10,58.05493831433361,69,81,20,58.93700120903708
2026-09-14,Toronto Blue Jays,11,58.03104159909583,75,76,14,62.05916486010006
2026-09-14,Detroit Tigers,12,57.40888031246686,71,79,15,61.62241867489411
2026-09-14,Philadelphia Phillies,13,56.773785448263055,83,67,5,71.22596403981693
2026-09-14,Cleveland Guardians,14,54.60630083125106,76,75,9,67.61585409274986
2026-09-14,Texas Rangers,15,49.822174614383925,74,76,19,59.418053499595146
2026-09-14,Pittsburgh Pirates,16,47.426511937732,75,75,22,56.11395370787704
2026-09-14,Seattle Mariners,17,47.21800298039568,70,81,12,62.54469706539688
2026-09-14,St. Louis Cardinals,18,46.05227271839779,75,76,16,61.24547780616379
2026-09-14,Houston Astros,19,45.3440651472096,75,75,17,60.92359530155934
2026-09-14,Miami Marlins,20,45.25124996373047,74,77,24,55.24966358194513
2026-09-14,Chicago White Sox,21,41.82591420894903,77,73,26,54.93375993935241
2026-09-14,Kansas City Royals,22,39.785538289682336,66,84,13,62.22740417411335
2026-09-14,Baltimore Orioles,23,38.85732646516957,73,78,23,56.00768829767031
2026-09-14,Washington Nationals,24,34.36527972779321,70,81,21,58.64499546143582
2026-09-14,Cincinnati Reds,25,34.01504793114439,70,80,25,55.18107247895494
2026-09-14,Minnesota Twins,26,32.50658787928795,70,80,28,54.507767144394826
2026-09-14,San Francisco Giants,27,31.581400685861635,62,89,29,52.69992045155967
2026-09-14,Athletics,28,27.68622110990709,61,89,27,54.739086564569625
2026-09-14,Los Angeles Angels,29,27.51427168631168,57,93,18,60.10925935052176
2026-09-14,Colorado Rockies,30,7.0510309465946985,55,95,30,40.22591144853333
2026-09-15,Milwaukee Brewers,1,89.79499259152193,94,57,2,73.80929718459203
2026-09-15,Los Angeles Dodgers,2,88.81075269556783,92,59,1,85.34719373435414
2026-09-15,New York Yankees,3,85.6122612074426,88,63,3,73.57773518922922
2026-09-15,Tampa Bay Rays,4,75.92031756349144,91,59,10,66.03816461540303
2026-09-15,San Diego Padres,5,73.63357247066615,82,69,8,67.54467039724274
2026-09-15,Atlanta Braves,6,69.55472612257718,89,63,4,71.36914602283353
2026-09-15,Boston Red Sox,7,66.39909117240163,82,69,5,70.75962808971548
2026-09-15,Chicago Cubs,8,65.33389842375517,84,68,11,63.43855822733921
2026-09-15,Detroit Tigers,9,63.87659694817889,72,79,16,61.00945028031013
2026-09-15,Arizona Diamondbacks,10,58.51337526411818,80,72,7,69.14332699782899
2026-09-15,New York Mets,11,55.5302772367093,69,82,20,58.61532010543957
2026-09-15,Cleveland Guardians,12,53.43893250381198,77,75,9,66.29065287371128
2026-09-15,Philadelphia Phillies,13,53.40599775224055,83,68,6,69.32947042861244
2026-09-15,Toronto Blue Jays,14,53.33240973135504,75,77,14,61.79751174067141
2026-09-15,Texas Rangers,15,47.17258133785391,75,76,19,59.21555526320528
2026-09-15,Houston Astros,16,46.18006803751277,76,75,18,59.75857752516125
2026-09-15,Pittsburgh Pirates,17,45.83367242447567,75,76,22,55.846739452571065
2026-09-15,Seattle Mariners,18,45.71377033853799,70,82,12,62.29466101951728
2026-09-15,Miami Marlins,19,44.13966852215079,75,77,23,55.03434324767211
2026-09-15,St. Louis Cardinals,20,42.83952346949757,75,77,15,61.07458238645971
2026-09-15,Chicago White Sox,21,39.34303675931454,77,74,26,54.73394850071568
2026-09-15,Baltimore Orioles,22,39.02563672653435,74,78,24,54.98767671200826
2026-09-15,San Francisco Giants,23,35.443103806592404,63,89,29,52.41037869705842
2026-09-15,Kansas City Royals,24,34.6182948506358,66,85,13,61.97553660483689
2026-09-15,Washington Nationals,25,34.01236407158588,71,81,21,57.34075740053931
2026-09-15,Cincinnati Reds,26,29.59391773583021,70,81,25,54.942645856998
2026-09-15,Minnesota Twins,27,29.36421172277521,70,81,28,54.21806028722304
2026-09-15,Los Angeles Angels,28,28.96588306388768,58,93,17,59.83775519351639
2026-09-15,Athletics,29,23.640633607505283,61,90,27,54.51974418123127
2026-09-15,Colorado Rockies,30,10.954379318975665,56,95,30,40.089048722663065
2026-09-16,Milwaukee Brewers,1,88.71112009077363,95,57,3,73.11620449636658
2026-09-16,Los Angeles Dodgers,2,84.41673433641378,92,60,1,84.75477219085371
2026-09-16,San Diego Padres,3,75.70686681816227,83,69,8,66.53001588740148
2026-09-16,New York Yankees,4,75.11907678811392,88,64,2,73.3732594227312
2026-09-16,Tampa Bay Rays,5,73.45643366958916,92,59,10,65.47329452339942
2026-09-16,Atlanta Braves,6,67.20599277002214,89,64,4,70.76039025430276
2026-09-16,Chicago Cubs,7,63.23128028147347,85,68,11,63.4557113897626
2026-09-16,Boston Red Sox,8,62.02010634443158,82,70,5,69.27248380243644
2026-09-16,Detroit Tigers,9,61.13312458047752,72,80,15,60.580760325070166
2026-09-16,Arizona Diamondbacks,10,55.71119600002866,80,73,7,68.58967833592209
2026-09-16,Cleveland Guardians,11,53.97423856556209,78,75,9,66.4122099959003
2026-09-16,Philadelphia Phillies,12,53.06254058764576,84,68,6,69.19795751192096
2026-09-16,Toronto Blue Jays,13,52.49311723103465,76,77,14,61.29660612762903
2026-09-16,New York Mets,14,52.27440131128842,69,83,20,58.12634218065635
2026-09-16,Texas Rangers,15,48.68237090406049,76,76,19,58.5507314308777
2026-09-16,Seattle Mariners,16,47.76855303481093,71,82,12,61.58113708774308
2026-09-16,Miami Marlins,17,47.388358669174565,76,77,23,54.587548866233234
2026-09-16,St. Louis Cardinals,18,41.66963762318843,75,78,16,60.51982833222431
2026-09-16,Baltimore Orioles,19,41.32159650551299,75,78,24,54.56737091575986
2026-09-16,Houston Astros,20,41.26305099381508,76,76,18,59.22885466536808
2026-09-16,Pittsburgh Pirates,21,41.0685646473471,75,77,22,55.63332795042847
2026-09-16,Chicago White Sox,22,36.73338925987177,77,75,25,54.13924042065922
2026-09-16,Kansas City Royals,23,35.914818218606484,67,85,13,61.55937887365153
2026-09-16,San Francisco Giants,24,35.65302494647624,64,89,29,51.97828339594751
2026-09-16,Washington Nationals,25,30.963511305728915,71,82,21,56.76732921022347
2026-09-16,Cincinnati Reds,26,29.362049971169096,71,81,28,53.65347234637135
2026-09-16,Minnesota Twins,27,29.02119193852117,71,81,26,54.08740110060788
2026-09-16,Los Angeles Angels,28,24.54517132226985,58,94,17,59.277589702517
2026-09-16,Athletics,29,19.869144288861104,61,91,27,54.02942997023091
2026-09-16,Colorado Rockies,30,12.39131825291324,56,96,30,44.26045948888229
2026-09-17,Milwaukee Brewers,1,88.3657971664965,95,58,3,72.91143471585804
2026-09-17,Los Angeles Dodgers,2,87.25290477021606,93,60,1,84.7584248392907
2026-09-17,San Diego Padres,3,77.7440088905763,84,69,8,66.6203756183821
2026-09-17,Tampa Bay Rays,4,77.6022727718134,93,59,10,65.47650568600596
2026-09-17,New York Yankees,5,76.45252399027244,88,64,2,73.37880567515593
2026-09-17,Atlanta Braves,6,68.79881388558348,89,64,4,70.76603381365085
2026-09-17,Chicago Cubs,7,64.2468346746304,85,68,11,63.45678534388968
2026-09-17,Boston Red Sox,8,62.47460843404082,83,70,6,69.34354337456091
2026-09-17,Detroit Tigers,9,61.58239166544893,72,81,15,60.7214041967408
2026-09-17,Philadelphia Phillies,10,57.75133812424913,85,68,5,69.49248766475134
2026-09-17,Arizona Diamondbacks,11,56.8750059791388,80,73,7,68.59421460976503
2026-09-17,Cleveland Guardians,12,55.65477477477074,78,75,9,66.42186308099491
2026-09-17,Toronto Blue Jays,13,53.91282038019472,76,77,14,61.30327822745591
2026-09-17,Seattle Mariners,14,49.06333560551308,71,82,13,61.59050035180631
2026-09-17,New York Mets,15,48.99417141023242,69,84,20,57.28194269869087
2026-09-17,Miami Marlins,16,48.70172677609367,76,77,24,54.59413107140978
2026-09-17,Texas Rangers,17,47.99002443449311,76,77,19,58.55616875102036
2026-09-17,Houston Astros,18,47.03269338701284,77,76,17,59.231602447404896
2026-09-17,Pittsburgh Pirates,19,46.09751093454149,76,77,22,55.6421516990892
2026-09-17,Baltimore Orioles,20,43.97418837365053,75,78,25,54.577597085402616
2026-09-17,St. Louis Cardinals,21,42.89130704855209,75,78,16,60.526753414022494
2026-09-17,Chicago White Sox,22,40.41047833148425,78,75,26,54.40463716593598
2026-09-17,San Francisco Giants,23,37.11742128997938,64,89,29,51.98560075574206
2026-09-17,Kansas City Royals,24,36.73598352851356,67,86,12,61.63073292294664
2026-09-17,Washington Nationals,25,33.265159939903285,71,82,21,56.770000585560176
2026-09-17,Cincinnati Reds,26,29.499525933963447,71,82,28,52.98489273365818
2026-09-17,Minnesota Twins,27,26.848413519641536,71,82,23,54.96924510600592
2026-09-17,Los Angeles Angels,28,26.05086915445319,59,94,18,59.02039348557556
2026-09-17,Athletics,29,20.0877057681554,61,92,27,54.034363627804
2026-09-17,Colorado Rockies,30,12.304111204630711,56,97,30,43.59058844012235
2026-09-18,Milwaukee Brewers,1,89.02852244125572,96,58,2,72.91070347864897
2026-09-18,Los Angeles Dodgers,2,88.56449524866147,94,60,1,84.85382796990187
2026-09-18,New York Yankees,3,80.8413407913544,89,64,3,72.88042770695931
2026-09-18,San Diego Padres,4,78.44991744539647,85,69,8,66.65197185784271
2026-09-18,Tampa Bay Rays,5,76.19249387078365,93,60,10,65.6859171437029
2026-09-18,Atlanta Braves,6,71.73987383327798,90,64,4,70.89993841335055
2026-09-18,Chicago Cubs,7,64.00816012408823,85,69,11,62.85604788666403
2026-09-18,Boston Red Sox,8,62.97317627602942,84,70,6,69.43330630892677
2026-09-18,Detroit Tigers,9,62.82047572156848,73,81,15,60.74155010243091
2026-09-18,Cleveland Guardians,10,59.65443944980504,79,75,9,66.45699719637179
2026-09-18,Philadelphia Phillies,11,55.99890820034547,85,69,5,69.52542854806666
2026-09-18,Arizona Diamondbacks,12,54.451018145797256,80,74,7,67.01920034987734
2026-09-18,Toronto Blue Jays,13,52.87767117182303,76,78,14,61.17450717752318
2026-09-18,New York Mets,14,50.95002834005128,70,84,20,57.94576740833298
2026-09-18,Texas Rangers,15,49.79107907763209,77,77,19,58.74470205048546
2026-09-18,Pittsburgh Pirates,16,48.17096871034419,77,77,23,55.7773483338912
2026-09-18,Seattle Mariners,17,48.03796255980662,72,82,12,61.78174012595783
2026-09-18,Houston Astros,18,47.11460243896301,77,77,17,59.32522732998325
2026-09-18,Miami Marlins,19,45.10680735767494,76,78,25,54.79300875111066
2026-09-18,Baltimore Orioles,20,44.650786105356,75,79,26,54.61444363773097
2026-09-18,Chicago White Sox,21,42.972137661605366,78,76,22,55.90760408747117
2026-09-18,Washington Nationals,22,37.69339027496986,72,82,21,56.77542922256179
2026-09-18,St. Louis Cardinals,23,37.61182871753852,75,79,16,60.5882197287693
2026-09-18,Kansas City Royals,24,36.88258361338275,67,87,13,61.70367794611989
2026-09-18,Cincinnati Reds,25,33.65616591952345,72,82,28,52.95340774781952
2026-09-18,San Francisco Giants,26,33.12608338991763,64,90,29,52.01161986982128
2026-09-18,Minnesota Twins,27,29.16750065020967,72,82,24,54.98079835862546
2026-09-18,Los Angeles Angels,28,27.1075824986688,59,95,18,59.02863115825466
2026-09-18,Athletics,29,18.991132027071515,61,93,27,54.05415682548359
2026-09-18,Colorado Rockies,30,12.434585964883633,56,98,30,43.574745685705096
2026-09-19,Los Angeles Dodgers,1,89.77472124641815,95,60,1,84.39487973368747
2026-09-19,Milwaukee Brewers,2,86.91423669386012,97,58,3,72.57959219094724
2026-09-19,San Diego Padres,3,78.52396441450546,86,69,7,66.11650520975788
2026-09-19,New York Yankees,4,77.10971729261327,89,65,2,72.95830126942137
2026-09-19,Tampa Bay Rays,5,75.65909681342117,94,60,9,65.09699074705615
2026-09-19,Atlanta Braves,6,73.26189212035797,91,64,4,70.78727366443603
2026-09-19,Chicago Cubs,7,64.47899597294725,86,69,11,62.31693501482922
2026-09-19,Cleveland Guardians,8,63.02215162477892,80,75,8,65.90983062450657
2026-09-19,Detroit Tigers,9,60.49376710098515,73,82,15,60.03720295461898
2026-09-19,Boston Red Sox,10,59.41219145355264,84,71,5,68.93790569196777
2026-09-19,Philadelphia Phillies,11,55.141798560900405,85,70,6,68.77381767456625
2026-09-19,Arizona Diamondbacks,12,53.758116968243854,81,74,10,64.62353107903873
2026-09-19,Texas Rangers,13,50.98082790114775,78,77,18,57.64853121434462
2026-09-19,New York Mets,14,50.346864576493125,71,84,19,57.310765118564376
2026-09-19,Toronto Blue Jays,15,49.24288729592612,76,79,14,60.19208383679853
2026-09-19,Pittsburgh Pirates,16,48.84316036712108,78,77,22,55.02896106775562
2026-09-19,Seattle Mariners,17,46.725411539693496,72,83,12,60.964411093281626
2026-09-19,Chicago White Sox,18,45.1029817266856,79,76,23,54.302197848218206
2026-09-19,Miami Marlins,19,43.10914713241051,76,79,24,54.03194155301825
2026-09-19,Houston Astros,20,43.07179868269824,77,78,21,56.09422847607432
2026-09-19,Baltimore Orioles,21,41.540922143369066,75,80,26,53.65839422804305
2026-09-19,Washington Nationals,22,40.19979584110084,73,82,20,56.64685073014685
2026-09-19,St. Louis Cardinals,23,34.40998256601502,75,80,16,60.02755507227668
2026-09-19,Kansas City Royals,24,33.15917683767777,67,88,13,60.961547082172665
2026-09-19,San Francisco Giants,25,30.03171652105741,64,91,29,50.99134769862409
2026-09-19,Cincinnati Reds,26,28.67840581409552,72,83,28,52.19861328572256
2026-09-19,Los Angeles Angels,27,28.267640137275134,60,95,17,58.13994183401937
2026-09-19,Minnesota Twins,28,26.007184430764344,72,83,25,53.915388131524544
2026-09-19,Athletics,29,14.477623911304944,61,94,27,52.6827794920799
2026-09-19,Colorado Rockies,30,11.504827230357312,57,98,30,41.40703581210112
2026-09-20,Los Angeles Dodgers,1,89.36343157457323,96,60,1,84.39581394946265
2026-09-20,Milwaukee Brewers,2,86.17009523766973,98,58,3,72.30156118673867
2026-09-20,San Diego Padres,3,79.26086929717364,87,69,8,66.11344703121983
2026-09-20,Tampa Bay Rays,4,77.08276735106605,95,60,9,65.18604214086639
2026-09-20,New York Yankees,5,75.26089242311377,89,66,2,72.95695090921723
2026-09-20,Atlanta Braves,6,74.13139892539321,92,64,4,70.7855953385469
2026-09-20,Chicago Cubs,7,69.24408019815873,87,69,11,62.31677993996595
2026-09-20,Cleveland Guardians,8,63.67090623122664,81,75,7,66.17861626627162
2026-09-20,Arizona Diamondbacks,9,58.06702049434065,82,74,10,64.62193199443249
2026-09-20,Boston Red Sox,10,57.04183078599822,84,72,5,68.93598092980666
2026-09-20,Philadelphia Phillies,11,56.94174355968259,86,70,6,68.8909369145304
2026-09-20,Detroit Tigers,12,56.850140569457686,73,83,16,59.98223810275029
2026-09-20,Pittsburgh Pirates,13,51.12189853165412,79,77,22,55.02578348982663
2026-09-20,Toronto Blue Jays,14,49.51125374241553,77,79,15,60.18889755866124
2026-09-20,Texas Rangers,15,48.27072582823335,78,78,18,57.70147588768974
2026-09-20,Chicago White Sox,16,47.791933034330285,80,76,23,54.37859912038931
2026-09-20,New York Mets,17,46.732971375384174,71,85,19,57.30848998165136
2026-09-20,Seattle Mariners,18,45.42960691745402,73,83,12,60.96219113794429
2026-09-20,Houston Astros,19,41.64201997609931,77,79,21,56.23230990714308
2026-09-20,Miami Marlins,20,41.53768466544636,76,80,26,53.70527372343064
2026-09-20,Baltimore Orioles,21,38.774342842434,75,81,25,53.85922972305174
2026-09-20,Washington Nationals,22,38.51496094303631,73,83,20,56.64555955950365
2026-09-20,St. Louis Cardinals,23,38.15909795532217,76,80,14,60.53456966619723
2026-09-20,Kansas City Royals,24,31.84541189314546,67,89,13,60.53489666718565
2026-09-20,Minnesota Twins,25,29.56117780547787,73,83,24,53.91395328534151
2026-09-20,San Francisco Giants,26,26.73037922199027,64,92,29,50.98944620495784
2026-09-20,Los Angeles Angels,27,26.71803981865277,60,96,17,58.13893280418009
2026-09-20,Cincinnati Reds,28,25.83066445844281,72,84,28,52.19481314043481
2026-09-20,Athletics,29,11.325745226796904,61,95,27,52.67973242039344
2026-09-20,Colorado Rockies,30,9.286436262366642,57,99,30,40.59841554388027
2026-09-21,Los Angeles Dodgers,1,89.39016593508319,96,60,1,84.39278420716182
2026-09-21,Milwaukee Brewers,2,86.01780201425946,98,58,3,72.30191902634607
2026-09-21,San Diego Padres,3,79.25768126527424,87,69,8,66.10850602654598
2026-09-21,Tampa Bay Rays,4,76.86159079309684,95,60,9,65.18228975357053
2026-09-21,New York Yankees,5,75.47191549721622,89,66,2,72.9532441992223
2026-09-21,Atlanta Braves,6,73.74574243354668,92,64,4,70.78063808079237
2026-09-21,Chicago Cubs,7,69.062092223246,87,69,11,62.31816233322461
2026-09-21,Cleveland Guardians,8,63.62385835941633,81,75,7,66.17285829227689
2026-09-21,Detroit Tigers,9,59.819026404034055,74,83,16,59.979108901439815
2026-09-21,Arizona Diamondbacks,10,57.87722882807681,82,74,10,64.61888670587427
2026-09-21,Boston Red Sox,11,57.16583767217829,84,72,5,68.93238072449861
2026-09-21,Philadelphia Phillies,12,56.53894700136381,86,70,6,68.88448194104797
2026-09-21,Pittsburgh Pirates,13,51.064221439023015,79,77,22,55.02077866147064
2026-09-21,Texas Rangers,14,48.470775225023615,78,78,18,57.69839186435026
2026-09-21,Chicago White Sox,15,47.93674019853099,80,76,23,54.37805363125072
2026-09-21,Toronto Blue Jays,16,47.24498213674421,77,80,15,60.22514184830332
2026-09-21,New York Mets,17,46.67510684152855,71,85,19,57.30453500575718
2026-09-21,Seattle Mariners,18,45.381340262010646,73,83,12,60.95647320168508
2026-09-21,Baltimore Orioles,19,42.06202997731958,76,81,24,54.10559389333443
2026-09-21,Houston Astros,20,41.98402334754759,77,79,21,56.23055075659694
2026-09-21,Miami Marlins,21,41.68516370948301,76,80,26,53.70182446519512
2026-09-21,St. Louis Cardinals,22,38.08228532931064,76,80,14,60.53122423232191
2026-09-21,Washington Nationals,23,37.6165501584151,73,84,20,56.64433293371872
2026-09-21,Kansas City Royals,24,31.944343176879308,67,89,13,60.532338697152255
2026-09-21,Minnesota Twins,25,28.26716380606237,73,84,25,54.10547280496521
2026-09-21,San Francisco Giants,26,26.999998926503903,65,92,29,50.98522822420841
2026-09-21,Los Angeles Angels,27,26.37681934737337,60,96,17,58.137976100934665
2026-09-21,Cincinnati Reds,28,25.619938123279542,72,84,28,52.18965429672104
2026-09-21,Athletics,29,11.467942849741286,61,95,27,52.67693694686103
2026-09-21,Colorado Rockies,30,9.318801388100036,57,99,30,40.60342654929758
2026-09-22,Los Angeles Dodgers,1,92.66831244869005,97,60,1,84.44022122708968
2026-09-22,Milwaukee Brewers,2,84.04138296669986,98,59,3,72.46897480911093
2026-09-22,San Diego Padres,3,78.62049602348402,87,70,8,66.1721283702904
2026-09-22,New York Yankees,4,74.52875437046563,90,67,2,74.27170982339717
2026-09-22,Tampa Bay Rays,5,74.2900639146345,96,61,7,66.35706851133406
2026-09-22,Atlanta Braves,6,72.72393598964821,92,65,4,70.89703663583393
2026-09-22,Chicago Cubs,7,68.40662578801131,87,70,11,62.65044434442932
2026-09-22,Cleveland Guardians,8,66.04590033429044,82,75,9,65.7656554554467
2026-09-22,Arizona Diamondbacks,9,63.46189152312588,83,74,10,65.29279440484534
2026-09-22,Philadelphia Phillies,10,60.4707964706239,87,70,6,68.99455291241853
2026-09-22,Detroit Tigers,11,58.85939675167389,74,84,13,61.004243785733806
2026-09-22,Boston Red Sox,12,57.54208398022372,84,73,5,69.10115869517034
2026-09-22,Chicago White Sox,13,55.11187792511444,81,76,23,54.594918683026734
2026-09-22,Pittsburgh Pirates,14,53.91930910700064,80,77,22,55.625302278672464
2026-09-22,New York Mets,15,51.7954952400609,72,85,19,57.97053927424673
2026-09-22,Toronto Blue Jays,16,47.982438623261714,77,80,16,60.44262257841008
2026-09-22,Texas Rangers,17,47.67993736581365,78,79,18,57.98709067898727
2026-09-22,Miami Marlins,18,46.51793024727044,77,80,26,53.94907978362937
2026-09-22,Houston Astros,19,44.693333099077286,78,79,21,56.445761148419294
2026-09-22,Baltimore Orioles,20,42.91455988287406,76,81,25,54.28282845501688
2026-09-22,Seattle Mariners,21,41.39332219215581,73,84,12,61.11643542608867
2026-09-22,Washington Nationals,22,41.1805272221462,74,84,20,56.860812705606094
2026-09-22,St. Louis Cardinals,23,36.033069798738936,76,81,15,60.492021029882046
2026-09-22,Kansas City Royals,24,33.571270010188414,67,90,14,60.6933223084695
2026-09-22,Minnesota Twins,25,30.037507847714032,74,84,24,54.56302489047336
2026-09-22,Cincinnati Reds,26,28.395594800665982,73,84,28,52.40880098181898
2026-09-22,Los Angeles Angels,27,26.721412365385994,60,97,17,58.33119808027672
2026-09-22,San Francisco Giants,28,24.531214525567567,65,93,29,51.16733772189243
2026-09-22,Athletics,29,12.697973521567867,62,95,27,52.915302545736
2026-09-22,Colorado Rockies,30,7.026719633414484,57,100,30,40.91677788312252
2026-09-23,Los Angeles Dodgers,1,91.25834811050784,97,61,1,86.31818089804182
2026-09-23,Milwaukee Brewers,2,85.43519640779978,99,59,3,73.73480790714373
2026-09-23,San Diego Padres,3,79.42000433993175,88,70,9,67.42538209162349
2026-09-23,New York Yankees,4,78.76568412678694,91,67,2,76.06230890826197
2026-09-23,Atlanta Braves,5,72.39895101185763,93,65,4,71.78719252489375
2026-09-23,Tampa Bay Rays,6,71.079712793007,96,62,7,67.90917107219752
2026-09-23,Cleveland Guardians,7,65.10296563945587,82,76,8,67.8247924396368
2026-09-23,Chicago Cubs,8,64.35608083405428,87,71,11,64.08693403943198
2026-09-23,Arizona Diamondbacks,9,63.7106935461818,84,74,10,66.82676396932114
2026-09-23,Boston Red Sox,10,60.05053904305039,85,73,5,70.76778900692479
2026-09-23,Philadelphia Phillies,11,58.79753570839931,87,71,6,70.75336578772198
2026-09-23,Detroit Tigers,12,56.86127842948898,74,85,13,62.34208854051918
2026-09-23,New York Mets,13,54.30980123322031,73,85,17,60.15778913579759
2026-09-23,Pittsburgh Pirates,14,53.347845266526434,80,78,22,56.9484935071127
2026-09-23,Chicago White Sox,15,51.48219674677447,81,77,23,55.8572479100885
2026-09-23,Baltimore Orioles,16,49.118042179252605,78,81,25,55.59346499049051
2026-09-23,Miami Marlins,17,48.26506177767767,78,80,26,55.21569693011708
2026-09-23,Texas Rangers,18,46.51740721548366,78,80,19,59.333998361090735
2026-09-23,Seattle Mariners,19,45.56538847897262,74,84,12,62.67292094233847
2026-09-23,Houston Astros,20,45.49368173653325,78,80,21,57.75835254760986
2026-09-23,Toronto Blue Jays,21,45.27096357596982,77,82,16,61.85659276593846
2026-09-23,Washington Nationals,22,42.23797724680152,75,84,20,58.169154548230296
2026-09-23,St. Louis Cardinals,23,37.21700027904178,77,81,15,61.89215830681305
2026-09-23,Kansas City Royals,24,35.708677804955784,68,90,14,62.13422130759061
2026-09-23,Minnesota Twins,25,33.67934995944603,75,84,24,55.83863359193525
2026-09-23,Los Angeles Angels,26,29.24469474755415,60,98,18,59.71936408096421
2026-09-23,Cincinnati Reds,27,27.91790808218001,73,85,28,54.06281833851078
2026-09-23,San Francisco Giants,28,24.29940903478891,65,94,29,52.39179334914241
2026-09-23,Athletics,29,16.654393802195525,63,95,27,54.14829757408517
2026-09-23,Colorado Rockies,30,5.407369676261496,57,101,30,39.69180212297358
2026-09-24,Los Angeles Dodgers,1,90.01708214937605,97,62,1,86.71971498169277
2026-09-24,Milwaukee Brewers,2,85.0664007609236,100,59,3,73.7322823247451
2026-09-24,New York Yankees,3,79.72367754422424,92,67,2,75.3446945271169
2026-09-24,San Diego Padres,4,78.56287094316355,89,70,8,67.4438128140578
2026-09-24,Atlanta Braves,5,72.65611570923893,93,66,4,71.8700573901103
2026-09-24,Arizona Diamondbacks,6,67.73904402308818,85,74,10,65.3478155588814
2026-09-24,Tampa Bay Rays,7,65.96646978489025,96,63,9,67.03471909913722
2026-09-24,Chicago Cubs,8,64.78534242599903,88,71,11,64.21926300102426
2026-09-24,Cleveland Guardians,9,64.77256795030397,83,76,7,67.84634219586445
2026-09-24,Philadelphia Phillies,10,57.97363973880099,87,72,6,70.7757396620971
2026-09-24,Boston Red Sox,11,57.09235898079305,85,74,5,70.84312742763333
2026-09-24,Detroit Tigers,12,56.65357393334595,74,85,13,62.35070632548534
2026-09-24,Pittsburgh Pirates,13,55.43209922937152,81,78,22,56.65089782296477
2026-09-24,Chicago White Sox,14,54.59806765432406,82,77,26,54.9972521971331
2026-09-24,New York Mets,15,51.52306467754148,73,86,17,60.29495555081736
2026-09-24,Houston Astros,16,49.89398823192455,79,80,21,57.65612568274648
2026-09-24,Baltimore Orioles,17,48.47805838578198,78,81,24,55.616274800059344
2026-09-24,Texas Rangers,18,46.33757965920633,79,80,19,59.54893663981652
2026-09-24,Seattle Mariners,19,45.57072782588624,74,85,12,62.86061327001979
2026-09-24,Toronto Blue Jays,20,45.07757659478577,77,82,14,61.870520904045165
2026-09-24,Miami Marlins,21,43.87698238648515,78,81,25,55.424929972824366
2026-09-24,Washington Nationals,22,42.91174247917819,75,84,20,58.173356717310455
2026-09-24,St. Louis Cardinals,23,34.797852712052496,77,82,15,61.45669279526497
2026-09-24,Minnesota Twins,24,34.689529063856185,75,84,23,55.8435701230484
2026-09-24,Los Angeles Angels,25,32.61469350672349,61,98,18,59.722287446729474
2026-09-24,Kansas City Royals,26,32.38910486209569,68,91,16,60.74847737828211
2026-09-24,Cincinnati Reds,27,29.74894401024469,74,85,28,53.71780458524487
2026-09-24,San Francisco Giants,28,25.76335141936377,65,94,29,52.40689836536966
2026-09-24,Athletics,29,20.07957383711824,63,96,27,54.15897337237204
2026-09-24,Colorado Rockies,30,8.308774784188902,57,102,30,38.8690774773506
