run_prevention_rank,pitcher_name,team,appearances,pitches,runs_allowed,outs_recorded,innings_pitched,runs_per_9,reliability,adjusted_runs_per_9,run_prevention_score
1,"Hader, Josh",Houston Astros,45,676,5,134,44.66666666666666,1.0074626865671643,0.6923076923076923,2.202452074349246,100.0
2,"Baker, Bryan",Tampa Bay Rays,65,981,11,187,62.333333333333336,1.588235294117647,0.7647058823529411,2.365398330056773,97.01180621538978
3,"Booser, Cam",Tampa Bay Rays,42,574,6,123,41.0,1.3170731707317072,0.6774193548387096,2.470010275934037,95.0933775585969
4,"Suarez, Robert",Atlanta Braves,33,488,5,102,34.0,1.3235294117647058,0.6226415094339622,2.669811972177621,91.4293094014169
5,"Garcia, Brandyn",Arizona Diamondbacks,56,692,11,151,50.333333333333336,1.9668874172185429,0.7368421052631579,2.736437622387066,90.20749333091557
6,"Duran, Jhoan",Philadelphia Phillies,60,939,15,175,58.333333333333336,2.314285714285714,0.75,2.958508834929018,86.13503511960323
7,"Miller, Mason",San Diego Padres,66,1154,19,212,70.66666666666667,2.419811320754717,0.7674418604651163,2.9945478035696502,85.47413363630069
8,"Miles, Spencer",Toronto Blue Jays,41,1148,17,221,73.66666666666667,2.0769230769230766,0.6721311475409836,2.9996296736233568,85.38093964149091
9,"Adam, Jason",San Diego Padres,38,583,8,103,34.333333333333336,2.0970873786407767,0.6551724137931034,3.060566971129795,84.26343956228368
10,"Headrick, Brent",New York Yankees,81,1285,23,237,79.0,2.620253164556962,0.801980198019802,3.0699412897652723,84.091528397097
11,"Gaddis, Hunter",Cleveland Guardians,68,984,17,181,60.333333333333336,2.5359116022099446,0.7727272727272727,3.0711994646301686,84.06845532742189
12,"Smith, Hagen",Chicago White Sox,17,436,3,78,26.0,1.0384615384615383,0.4594594594594595,3.1210110835412097,83.15498376966784
13,"Uribe, Abner",Milwaukee Brewers,61,927,17,178,59.333333333333336,2.5786516853932584,0.7530864197530864,3.1496458857551524,82.6298637684275
14,"Martinez, Justin",Arizona Diamondbacks,14,210,1,39,13.0,0.6923076923076923,0.4117647058823529,3.162231518514303,82.3990618428295
15,"Samaniego, Tyler",Boston Red Sox,19,293,3,58,19.33333333333333,1.396551724137931,0.48717948717948717,3.1886678639948536,81.91425829266642
16,"Funderburk, Kody",Minnesota Twins,58,882,15,154,51.333333333333336,2.6298701298701297,0.7435897435897436,3.209692711149309,81.5286936332238
17,"Dodd, Dylan",Atlanta Braves,48,783,14,149,49.66666666666666,2.5369127516778525,0.7058823529411765,3.229343764966405,81.16832231556255
18,"Varland, Louis",Toronto Blue Jays,71,1240,24,234,78.0,2.769230769230769,0.7802197802197802,3.235592841236958,81.05372348179284
19,"Rogers, Tyler",Toronto Blue Jays,74,1038,22,213,71.0,2.788732394366197,0.7872340425531915,3.2360612885135867,81.04513285027228
20,"Chapman, Aroldis",Boston Red Sox,53,843,15,155,51.66666666666666,2.612903225806452,0.726027397260274,3.2370881493824735,81.02630173781287
21,"Weaver, Luke",New York Mets,42,644,12,132,44.0,2.454545454545454,0.6774193548387096,3.2405560165820595,80.96270617271897
22,"Brash, Matt",Seattle Mariners,20,263,3,50,16.666666666666668,1.62,0.5,3.255589098429465,80.68702164382384
23,"Smith, Cade",Cleveland Guardians,69,1241,23,222,74.0,2.7972972972972974,0.7752808988764045,3.267832330906653,80.46249883393774
24,"Matsui, Yuki",San Diego Padres,54,1099,19,192,64.0,2.671875,0.7297297297297297,3.2716866748267375,80.39181585631586
25,"Morillo, Juan",Arizona Diamondbacks,69,1032,20,192,64.0,2.8125,0.7752808988764045,3.279618695923355,80.24635429883857
26,"Raley, Brooks",New York Mets,45,634,12,124,41.333333333333336,2.612903225806451,0.6923076923076923,3.313910909207214,79.61748573017822
27,"Whitlock, Garrett",Boston Red Sox,54,743,16,158,52.66666666666666,2.7341772151898733,0.7297297297297297,3.317150453478807,79.55807727052807
28,"Kinley, Tyler",Detroit Tigers,15,211,2,44,14.666666666666666,1.2272727272727275,0.42857142857142855,3.3209329956077003,79.48871103176116
29,"Hall, DL",Milwaukee Brewers,45,941,17,173,57.66666666666666,2.653179190751445,0.6923076923076923,3.3417942695537484,79.10614606349013
30,"Garcia, Rico",Baltimore Orioles,75,1007,22,201,67.0,2.955223880597015,0.7894736842105263,3.3627932103363656,78.72105648866344
31,"Megill, Trevor",Milwaukee Brewers,63,886,20,187,62.333333333333336,2.8877005347593583,0.7590361445783133,3.370466236470098,78.58034451647103
32,"Sanders, Cam",Baltimore Orioles,19,334,4,60,20.0,1.8,0.48717948717948717,3.3852195881327845,78.30978982621943
33,"Lynch IV, Daniel",Kansas City Royals,46,675,14,138,46.0,2.739130434782609,0.696969696969697,3.3912661202602816,78.19890535303298
34,"Morán, Jovani",Boston Red Sox,46,979,19,186,62.0,2.7580645161290325,0.696969696969697,3.4044626011986985,77.95690137357559
35,"Waguespack, Jacob",Detroit Tigers,34,642,13,137,45.66666666666666,2.5620437956204385,0.6296296296296297,3.4246861664495096,77.58603104137475
36,"Blackburn, Paul",New York Yankees,60,1183,27,246,82.0,2.963414634146341,0.75,3.445355524824488,77.2069855213669
37,"Speier, Gabe",Seattle Mariners,54,706,15,138,46.0,2.9347826086956523,0.7297297297297297,3.463538173064106,76.87354259430202
38,"Garcia, Robert",Texas Rangers,19,283,4,55,18.33333333333333,1.963636363636364,0.48717948717948717,3.4649398678530643,76.84783758108709
39,"Loáisiga, Jonathan",Arizona Diamondbacks,67,974,23,201,67.0,3.08955223880597,0.7701149425287356,3.5037191257146967,76.13668323875031
40,"Saucedo, Tayler",Los Angeles Angels,28,343,6,64,21.33333333333333,2.53125,0.5833333333333334,3.5145534153578875,75.93799836052543
41,"Fuentes, Didier",Atlanta Braves,57,1165,24,211,70.33333333333333,3.071090047393365,0.7402597402597403,3.5438402160857194,75.40092166903578
42,"Zeferjahn, Ryan",Los Angeles Angels,45,971,17,155,51.66666666666666,2.9612903225806453,0.6923076923076923,3.5551019762047327,75.19439761332622
43,"Iglesias, Raisel",Atlanta Braves,59,916,21,180,60.0,3.15,0.7468354430379747,3.590804606799729,74.53966407327056
44,"Okert, Steven",Houston Astros,67,1031,24,201,67.0,3.2238805970149254,0.7701149425287356,3.607167401576765,74.23959457219928
45,"Harris, Trent",San Francisco Giants,21,355,6,67,22.33333333333333,2.417910447761194,0.5121951219512195,3.624382520491797,73.92389470465794
46,"Estrada, Jeremiah",San Diego Padres,33,513,10,93,31.0,2.903225806451613,0.6226415094339622,3.6533965198128646,73.39182078825253
47,"Vesia, Alex",Los Angeles Dodgers,71,1015,21,171,57.0,3.31578947368421,0.7802197802197802,3.66202875350283,73.23351836548342
48,"Montgomery, Mason",Pittsburgh Pirates,64,1092,23,188,62.66666666666666,3.3031914893617023,0.7619047619047619,3.681283562575328,72.88041359149236
49,"Coulombe, Danny",Boston Red Sox,29,386,7,66,22.0,2.863636363636364,0.5918367346938775,3.6912044588292483,72.69847899965407
50,"Holderman, Colin",Cleveland Guardians,54,864,19,158,52.66666666666666,3.246835443037975,0.7297297297297297,3.6912524035301253,72.69759976461707
51,"Yates, Kirby",Pittsburgh Pirates,14,226,3,40,13.333333333333334,2.025,0.4117647058823529,3.7109871746229004,72.33569319570526
52,"Henriquez, Edgardo",Los Angeles Dodgers,60,951,22,178,59.333333333333336,3.3370786516853927,0.75,3.7256035379787775,72.0676506687752
53,"Kelly, Kevin",Tampa Bay Rays,71,999,28,221,73.66666666666667,3.420814479638009,0.7802197802197802,3.7439713405656834,71.73081228431025
54,"Junis, Jakob",Texas Rangers,51,804,19,154,51.333333333333336,3.3311688311688306,0.7183098591549296,3.7706080891097034,71.24233363780282
55,"Bender, Anthony",Miami Marlins,35,543,12,103,34.333333333333336,3.1456310679611645,0.6363636363636364,3.780375478469443,71.06321413579333
56,"Taylor, Grant",Chicago White Sox,56,1272,30,237,79.0,3.417721518987342,0.7368421052631579,3.8054732763219707,70.60295757313294
57,"Patrick, Chad",Milwaukee Brewers,50,1245,29,232,77.33333333333333,3.375,0.7142857142857143,3.8081937705311226,70.55306772539414
58,"Bello, Brayan",Boston Red Sox,15,951,17,191,63.66666666666666,2.4031413612565444,0.42857142857142855,3.824876695886479,70.24712750210071
59,"Wells, Tyler",Baltimore Orioles,43,814,20,162,54.0,3.333333333333333,0.6825396825396826,3.827887258262094,70.19191823239437
60,"Petersen, Michael",Miami Marlins,64,1111,25,193,64.33333333333333,3.497409326424871,0.7619047619047619,3.8292590574805994,70.166761459809
61,"Armstrong, Shawn",Cleveland Guardians,41,632,13,106,35.333333333333336,3.3113207547169807,0.6721311475409836,3.8293068013208984,70.16588590825849
62,"Peralta, Wandy",San Diego Padres,60,1167,28,217,72.33333333333333,3.483870967741936,0.75,3.8356977750211847,70.04868488509977
63,"Pagán, Emilio",Cincinnati Reds,45,676,16,128,42.66666666666666,3.375,0.6923076923076923,3.841516368264286,69.94198047456445
64,"Guerrero, Tyron",Boston Red Sox,40,612,15,122,40.66666666666666,3.319672131147541,0.6666666666666666,3.843507486384671,69.90546630757163
65,"Mederos, Victor",Atlanta Braves,30,588,12,103,34.333333333333336,3.1456310679611645,0.6,3.8438499195202707,69.89918658937252
66,"Brubaker, JT",San Francisco Giants,40,986,22,178,59.333333333333336,3.3370786516853927,0.6666666666666666,3.8551118334099055,69.69265971373675
67,"Lavender, Nate",New York Mets,21,294,7,65,21.666666666666668,2.907692307692307,0.5121951219512195,3.8752463999687086,69.32342148616539
68,"Watson, Ryan",Los Angeles Angels,18,258,5,49,16.333333333333332,2.7551020408163267,0.47368421052631576,3.8793526492598023,69.24811893590778
69,"Olds, Wyatt",Boston Red Sox,13,266,4,46,15.333333333333334,2.347826086956521,0.3939393939393939,3.8892516081094963,69.06658664367849
70,"Graceffo, Gordon",St. Louis Cardinals,61,1195,31,235,78.33333333333333,3.561702127659575,0.7530864197530864,3.889967823758181,69.05345230597587
71,"Latz, Jacob",Texas Rangers,57,1084,27,204,68.0,3.5735294117647056,0.7402597402597403,3.915775849451517,68.58017121316998
72,"Sewald, Paul",Toronto Blue Jays,16,205,4,40,13.333333333333334,2.7,0.4444444444444444,3.9173212204771835,68.55183138987202
73,"Núñez, Dedniel",New York Mets,18,213,6,57,19.0,2.8421052631578947,0.47368421052631576,3.9205647019479137,68.49235072780188
74,"Bednar, David",New York Yankees,64,1160,28,208,69.33333333333333,3.6346153846153846,0.7619047619047619,3.933797006578134,68.24968979472058
75,"Peoples, Ben",Texas Rangers,16,282,5,49,16.333333333333332,2.7551020408163267,0.4444444444444444,3.9418110163955506,68.10272468513749
76,"Drohan, Shane",Milwaukee Brewers,13,439,8,87,29.0,2.4827586206896552,0.3939393939393939,3.942406848671034,68.09179800078664
77,"Scott, Tanner",Los Angeles Dodgers,69,979,26,191,63.66666666666666,3.675392670157069,0.7752808988764045,3.948602900876588,67.97817155009366
78,"Hurter, Brant",Detroit Tigers,29,511,13,106,35.333333333333336,3.3113207547169807,0.5918367346938775,3.9561605270198172,67.83957584337095
79,"Civale, Aaron",Chicago Cubs,18,588,12,110,36.66666666666666,2.9454545454545453,0.47368421052631576,3.969519625141064,67.59458970483972
80,"Vargas, Carlos",Seattle Mariners,16,282,6,57,19.0,2.8421052631578947,0.4444444444444444,3.9804791152140253,67.39360883555665
81,"Bowlan, Jonathan",Philadelphia Phillies,59,967,23,169,56.333333333333336,3.674556213017752,0.7468354430379747,3.982561778547164,67.35541586450312
82,"Miller, Erik",Boston Red Sox,18,318,6,54,18.0,3.0,0.47368421052631576,3.9953569457152267,67.12077138716526
83,"Phillips, Tyler",Miami Marlins,17,621,12,110,36.66666666666666,2.9454545454545453,0.4594594594594595,3.9971970597271858,67.08702641260518
84,"Lee, Dylan",Atlanta Braves,71,1059,28,201,67.0,3.761194029850746,0.7802197802197802,4.009542198423973,66.86063479308798
85,"Suter, Brent",Atlanta Braves,12,386,7,74,24.666666666666668,2.554054054054054,0.375,4.014756643307102,66.76500957161663
86,"Sabrowski, Erik",Cleveland Guardians,60,833,20,145,48.333333333333336,3.724137931034482,0.75,4.015897997490594,66.74407882078508
87,"Antone, Tejay",Cincinnati Reds,58,915,23,167,55.66666666666666,3.718562874251497,0.7435897435897436,4.019233469791865,66.68291118268182
88,"Hicks, Jordan",Chicago White Sox,51,867,19,139,46.333333333333336,3.6906474820143886,0.7183098591549296,4.028825148167781,66.50701396072702
89,"Madden, Ty",Detroit Tigers,18,672,14,122,40.66666666666666,3.098360655737705,0.47368421052631576,4.041948835275193,66.26634491267029
90,"Duarte, Daniel",New York Mets,24,463,11,89,29.666666666666668,3.3370786516853927,0.5454545454545454,4.043487535855182,66.238127415499
91,"Alexander, Tyler",Texas Rangers,69,1090,28,199,66.33333333333333,3.798994974874372,0.7752808988764045,4.044429406781014,66.22085489313109
92,"Hurt, Kyle",Los Angeles Dodgers,43,710,18,133,44.333333333333336,3.654135338345864,0.6825396825396826,4.0468473569214405,66.1765132569901
93,"Ashcraft, Graham",Cincinnati Reds,35,614,14,106,35.333333333333336,3.5660377358490565,0.6363636363636364,4.047906994398101,66.15708106992972
94,"Cano, Yennier",Baltimore Orioles,68,794,21,149,49.66666666666666,3.8053691275167782,0.7727272727272727,4.052143916003631,66.07938218232687
95,"Warren, Austin",New York Mets,38,856,19,142,47.333333333333336,3.612676056338028,0.6551724137931034,4.053538863414201,66.05380090607093
96,"Holton, Tyler",Detroit Tigers,64,1067,29,206,68.66666666666667,3.800970873786408,0.7619047619047619,4.060544045946532,65.92533619964193
97,"Smith, Burch",Detroit Tigers,12,276,5,50,16.666666666666668,2.7,0.375,4.069486373036831,65.76134712167782
98,"Newcomb, Sean",Chicago White Sox,53,1284,33,237,79.0,3.759493670886076,0.726027397260274,4.069544225947132,65.76028618470671
99,"Gamboa, Alec",Boston Red Sox,18,394,10,85,28.33333333333333,3.1764705882352944,0.47368421052631576,4.078948276984576,65.58782977115962
100,"King, John",Miami Marlins,49,693,20,144,48.0,3.75,0.7101449275362319,4.080776288944618,65.55430673036638
101,"Mlodzinski, Carmen",Pittsburgh Pirates,25,1121,27,212,70.66666666666667,3.4386792452830184,0.5555555555555556,4.0842343348723125,65.49089127290057
102,"Gómez, Yoendrys",Minnesota Twins,56,860,21,149,49.66666666666666,3.8053691275167782,0.7368421052631579,4.091108356291029,65.36483186767217
103,"Houser, Adrian",San Francisco Giants,10,519,10,108,36.0,2.5,0.3333333333333333,4.094118797905954,65.30962481253862
104,"Stewart, Brock",Los Angeles Dodgers,27,378,10,77,25.666666666666668,3.506493506493506,0.574468085106383,4.09572103430858,65.28024216217322
105,"Manfredi, Mark",Colorado Rockies,13,270,5,47,15.666666666666666,2.872340425531915,0.3939393939393939,4.095878468760409,65.27735504673508
106,"Bernardino, Brennan",Colorado Rockies,72,961,27,188,62.66666666666666,3.8776595744680855,0.782608695652174,4.097989709770443,65.23863800327432
107,"Way, Beck",Kansas City Royals,18,364,8,67,22.33333333333333,3.223880597014926,0.47368421052631576,4.101405649564402,65.17599471014317
108,"Wells, Tyler",Tampa Bay Rays,14,258,6,54,18.0,3.0,0.4117647058823529,4.112457762858194,64.97331526772261
109,"Cuas, Jose",Kansas City Royals,24,477,9,70,23.33333333333333,3.4714285714285715,0.5454545454545454,4.116769310260553,64.89424785317026
110,"Romero, JoJo",St. Louis Cardinals,44,729,18,129,43.0,3.767441860465116,0.6875,4.118609465588183,64.86050212094176
111,"Ramírez, Yohan",Pittsburgh Pirates,65,1403,36,250,83.33333333333333,3.888,0.7647058823529411,4.124041928672689,64.76087876750073
112,"Yoho, Craig",Milwaukee Brewers,15,308,7,60,20.0,3.15,0.42857142857142855,4.144958969633674,64.37729111450035
113,"De los Santos, Yerry",New York Yankees,16,362,8,67,22.33333333333333,3.223880597014926,0.4444444444444444,4.150157041372706,64.28196615232132
114,"Mayza, Tim",Philadelphia Phillies,54,927,25,174,58.0,3.879310344827586,0.7297297297297297,4.152788142673895,64.23371563855066
115,"Minter, A.J.",New York Mets,23,340,9,69,23.0,3.5217391304347827,0.5348837209302325,4.158687533422758,64.12552952103484
116,"Rolison, Ryan",Chicago Cubs,58,975,26,179,59.66666666666666,3.921787709497207,0.7435897435897436,4.170349372923289,63.911668600074734
117,"Cruz, Fernando",New York Yankees,61,952,24,164,54.66666666666666,3.951219512195122,0.7530864197530864,4.183308076309642,63.674025109909415
118,"Natera Jr., Samy",Los Angeles Angels,28,580,13,95,31.666666666666668,3.694736842105263,0.5833333333333334,4.193254073252625,63.49163020848793
119,"Thornton, Trent",Chicago Cubs,48,718,21,145,48.333333333333336,3.910344827586207,0.7058823529411765,4.198825230313479,63.38946341226397
120,"McFarlane, Alex",Philadelphia Phillies,18,290,7,54,18.0,3.5,0.47368421052631576,4.232199050978385,62.7774368084826
121,"Ribalta, Orlando",Washington Nationals,45,750,19,130,43.333333333333336,3.9461538461538463,0.6923076923076923,4.236930569447718,62.690667744533016
122,"Blewett, Scott",Athletics,24,525,14,102,34.0,3.705882352941176,0.5454545454545454,4.244653191085609,62.54904626400841
123,"Petty, Chase",Cincinnati Reds,13,302,7,58,19.33333333333333,3.2586206896551726,0.3939393939393939,4.248049481899875,62.48676330415854
124,"Burke, Brock",Cincinnati Reds,77,1205,34,224,74.66666666666667,4.098214285714286,0.7938144329896907,4.2617119993523565,62.23621290300717
125,"Minter, A.J.",Minnesota Twins,24,330,9,65,21.666666666666668,3.738461538461538,0.5454545454545454,4.262423655914898,62.223162172214195
126,"Teng, Kai-Wei",Houston Astros,20,503,12,89,29.666666666666668,3.640449438202247,0.5,4.265813817530589,62.16099161281813
127,"Webb, Jacob",Chicago Cubs,67,1129,30,198,66.0,4.090909090909091,0.7701149425287356,4.274879000322847,61.99474954264252
128,"Joyce, Ben",Los Angeles Angels,16,263,6,46,15.333333333333334,3.5217391304347823,0.4444444444444444,4.282538611781531,61.85428357578747
129,"Domínguez, Seranthony",Seattle Mariners,24,392,10,71,23.666666666666668,3.8028169014084505,0.5454545454545454,4.297526581158668,61.57942634300099
130,"Milner, Hoby",Chicago Cubs,38,572,16,108,36.0,4.0,0.6551724137931034,4.307302826503079,61.400144435306046
131,"Hill, Tim",New York Yankees,67,824,27,176,58.66666666666666,4.142045454545455,0.7701149425287356,4.314259878065794,61.27256237980775
132,"Kuhnel, Joel",Athletics,25,369,11,77,25.666666666666668,3.8571428571428568,0.5555555555555556,4.31671411923889,61.227555219701266
133,"Anderson, Grant",Milwaukee Brewers,52,924,27,177,59.0,4.11864406779661,0.7222222222222222,4.333236881425032,60.924552152494606
134,"Clarke, Taylor",Arizona Diamondbacks,69,1033,33,212,70.66666666666667,4.202830188679245,0.7752808988764045,4.357515134337602,60.47932483420168
135,"Fisher, Braydon",Toronto Blue Jays,65,1095,30,193,64.33333333333333,4.196891191709845,0.7647058823529411,4.360252839980218,60.42911935418107
136,"Blubaugh, AJ",Houston Astros,64,1640,45,289,96.33333333333331,4.204152249134948,0.7619047619047619,4.367729855735896,60.292001922967096
137,"Hollowell, Gavin",Chicago Cubs,15,259,6,44,14.666666666666666,3.681818181818182,0.42857142857142855,4.372881047555752,60.19753666930053
138,"Ashby, Aaron",Milwaukee Brewers,74,1542,41,261,87.0,4.241379310344827,0.7872340425531915,4.37963439258187,60.07369029096707
139,"Muñoz, Andrés",Seattle Mariners,61,953,27,173,57.66666666666666,4.213872832369942,0.7530864197530864,4.381108724836359,60.04665321386343
140,"Dion, Will",Washington Nationals,13,412,10,75,25.0,3.6,0.3939393939393939,4.382532240520564,60.02054803764219
141,"Canning, Griffin",San Diego Padres,18,621,15,106,35.333333333333336,3.820754716981132,0.47368421052631576,4.384135495864184,59.99114670140317
142,"Brazobán, Huascar",New York Mets,40,684,21,137,45.66666666666666,4.138686131386862,0.6666666666666666,4.389516819877551,59.89246116303411
143,"Schweitzer, Tyler",Chicago White Sox,18,566,16,112,37.333333333333336,3.8571428571428568,0.47368421052631576,4.401371983309211,59.675054966566435
144,"Mikolas, Miles",Washington Nationals,14,918,26,189,63.0,3.714285714285714,0.4117647058823529,4.406575409917018,59.57963180399906
145,"Wilcox, Cole",Seattle Mariners,23,492,12,81,27.0,4.0,0.5348837209302325,4.41450148691113,59.4342792525869
146,"López, Reynaldo",Atlanta Braves,13,372,9,66,22.0,3.681818181818182,0.3939393939393939,4.414763645479241,59.429471651452324
147,"Eisert, Brandon",Pittsburgh Pirates,15,278,7,50,16.666666666666668,3.78,0.42857142857142855,4.414958969633674,59.4258896948021
148,"Morejon, Adrian",San Diego Padres,76,1344,41,258,86.0,4.290697674418605,0.7916666666666666,4.41579778326034,59.41050709116532
149,"Sinclair, Jack",Washington Nationals,10,151,4,31,10.333333333333334,3.4838709677419355,0.3333333333333333,4.422075787153265,59.295377767504945
150,"Abreu, Bryan",Houston Astros,66,1093,30,188,62.66666666666666,4.308510638297872,0.7674418604651163,4.444014721684165,58.89305009497544
151,"Hoffman, Jeff",Minnesota Twins,20,322,8,54,18.0,4.0,0.5,4.4455890984294655,58.864178349598326
152,"Beeks, Jalen",Texas Rangers,29,411,12,78,26.0,4.153846153846154,0.5918367346938775,4.454798008137083,58.695300539968066
153,"Pérez, Cionel",Washington Nationals,16,295,7,48,16.0,3.9375,0.4444444444444444,4.467321220477183,58.46564331270897
154,"Brieske, Beau",Detroit Tigers,17,357,10,68,22.666666666666668,3.9705882352941178,0.4594594594594595,4.468204430734557,58.449446540404324
155,"Ralston, Jack",Miami Marlins,15,279,7,48,16.0,3.9375,0.42857142857142855,4.482458969633674,58.18803933987755
156,"Seymour, Ian",Tampa Bay Rays,30,901,26,166,55.333333333333336,4.228915662650602,0.6,4.493820676333933,57.97968241141142
157,"Thomas, Connor",Kansas City Royals,16,270,8,54,18.0,4.0,0.4444444444444444,4.495098998254961,57.956239874468416
158,"Gose, Anthony",Kansas City Royals,14,200,6,41,13.666666666666666,3.951219512195122,0.4117647058823529,4.504136385526774,57.7905075331054
159,"Garcia, Julian",Cincinnati Reds,33,713,22,138,46.0,4.304347826086957,0.6226415094339622,4.525793249019777,57.39335262701106
160,"Hartlieb, Geoff",Athletics,17,408,12,79,26.33333333333333,4.101265822784811,0.4594594594594595,4.528245484446497,57.3483822493322
161,"Fulton, Dax",Miami Marlins,16,479,13,86,28.666666666666668,4.0813953488372094,0.4444444444444444,4.531274708849276,57.292830745597
162,"Pearson, Nate",Kansas City Royals,25,417,12,76,25.33333333333333,4.2631578947368425,0.5555555555555556,4.5422780290133264,57.09104609714636
163,"Ferguson, Tyler",Chicago Cubs,17,267,8,52,17.333333333333332,4.153846153846154,0.4594594594594595,4.552404014934141,56.90535046357537
164,"Rogers, Taylor",Minnesota Twins,65,1100,30,182,60.66666666666666,4.450549450549451,0.7647058823529411,4.554226802622269,56.871923228216836
165,"Espino, Daniel",Cleveland Guardians,11,203,5,34,11.333333333333334,3.9705882352941178,0.3548387096774194,4.5645172427552865,56.683211747165196
166,"Peguero, Joel",San Francisco Giants,11,169,5,34,11.333333333333334,3.9705882352941178,0.3548387096774194,4.5645172427552865,56.683211747165196
167,"Miller, Erik",San Francisco Giants,38,644,16,98,32.666666666666664,4.408163265306123,0.6551724137931034,4.574720138255367,56.49610570544618
168,"Doval, Camilo",Pittsburgh Pirates,20,338,9,57,19.0,4.263157894736842,0.5,4.577168045797886,56.45121469477464
169,"Mantiply, Joe",Toronto Blue Jays,25,399,13,81,27.0,4.333333333333333,0.5555555555555556,4.581264383789154,56.376093903124534
170,"Romero, JoJo",Milwaukee Brewers,11,201,6,40,13.333333333333334,4.05,0.3548387096774194,4.592695610876729,56.16646207338265
171,"Rodriguez, Bradgley",San Diego Padres,64,1136,35,210,70.0,4.5,0.7619047619047619,4.593137665918793,56.15835543648316
172,"Basso, Brady",Athletics,18,379,12,76,25.33333333333333,4.2631578947368425,0.47368421052631576,4.593694895853731,56.14813666207223
173,"Rea, Colin",Chicago Cubs,14,545,16,103,34.333333333333336,4.194174757281553,0.4117647058823529,4.604176780562363,55.955914370118776
174,"Schreiber, John",New York Yankees,11,172,5,33,11.0,4.090909090909091,0.3548387096774194,4.607211739908987,55.90025769597952
175,"Hudson, Bryan",Chicago White Sox,61,928,29,173,57.66666666666666,4.526011560693642,0.7530864197530864,4.616176162215936,55.7358634243595
176,"Suárez, Albert",Baltimore Orioles,28,971,31,189,63.0,4.428571428571428,0.5833333333333334,4.62132424869122,55.6414551181282
177,"Soto, Gregory",Pittsburgh Pirates,69,1161,34,202,67.33333333333333,4.544554455445544,0.7752808988764045,4.622447431044058,55.62085761184515
178,"Walker, Josh",Baltimore Orioles,31,513,15,91,30.33333333333333,4.450549450549451,0.6078431372549019,4.623345037337481,55.604396837491144
179,"Richards, Trevor",Chicago White Sox,51,1204,38,227,75.66666666666667,4.519823788546256,0.7183098591549296,4.624430664127291,55.58448804479363
180,"Jameson, Drey",Arizona Diamondbacks,12,306,9,58,19.33333333333333,4.189655172413794,0.375,4.6281070626920044,55.51706832230215
181,"Vodnik, Victor",Miami Marlins,20,402,11,68,22.666666666666668,4.367647058823529,0.5,4.62941262784123,55.493126184771114
182,"Santa, Alimber",Houston Astros,10,239,7,46,15.333333333333334,4.108695652173913,0.3333333333333333,4.630350681963924,55.475923656938285
183,"Brown, Ben",Chicago Cubs,12,401,12,77,25.666666666666668,4.207792207792208,0.375,4.63490845095891,55.39234090185522
184,"Montgomery, Jordan",Texas Rangers,12,381,11,70,23.33333333333333,4.242857142857143,0.375,4.64805780160826,55.15120122232447
185,"Bachar, Lake",Miami Marlins,34,796,25,149,49.66666666666666,4.530201342281879,0.6296296296296297,4.663896473606712,54.86074335929013
186,"Harris, Hogan",Athletics,74,1342,36,211,70.33333333333333,4.606635071090048,0.7872340425531915,4.667176161679172,54.80059872159331
187,"Leiter Jr., Mark",Athletics,36,552,17,101,33.666666666666664,4.544554455445544,0.6428571428571429,4.668348648807468,54.779097038513214
188,"Dreyer, Jack",Los Angeles Dodgers,64,982,31,182,60.66666666666666,4.598901098901099,0.7619047619047619,4.668490884129154,54.7764886526846
189,"Silseth, Chase",Texas Rangers,25,361,10,60,20.0,4.5,0.5555555555555556,4.673856976381747,54.678082442322676
190,"Palencia, Daniel",Chicago Cubs,32,481,15,89,29.666666666666668,4.550561797752809,0.6153846153846154,4.6815681051013165,54.536671724953955
191,"Jansen, Kenley",Detroit Tigers,50,729,23,135,45.0,4.6,0.7142857142857143,4.683193770531123,54.50685942081657
192,"Kimbrel, Craig",Kansas City Royals,13,194,6,37,12.333333333333334,4.378378378378378,0.3939393939393939,4.68916614715447,54.39733485010614
193,"Kilian, Caleb",San Francisco Giants,45,736,23,135,45.0,4.6,0.6923076923076923,4.689593291341209,54.38950165628156
194,"Cruz, Steven",Kansas City Royals,54,896,29,169,56.333333333333336,4.633136094674556,0.7297297297297297,4.702877203373035,54.14589431963886
195,"Marinaccio, Ron",San Diego Padres,33,817,24,141,47.0,4.595744680851063,0.6226415094339622,4.707229026514409,54.06608830748895
196,"Medina, Luis",Athletics,59,1266,37,215,71.66666666666667,4.6465116279069765,0.7468354430379747,4.708452531439116,54.043651033336346
197,"Keller, Brad",Philadelphia Phillies,32,533,16,94,31.33333333333333,4.595744680851064,0.6153846153846154,4.709372956238705,54.02677180126446
198,"Legumina, Casey",Tampa Bay Rays,40,779,25,146,48.66666666666666,4.623287671232877,0.6666666666666666,4.712584513108228,53.967876589252626
199,"Kinley, Tyler",Atlanta Braves,49,714,22,128,42.66666666666666,4.640625,0.7101449275362319,4.713249115031574,53.95568877107932
200,"Perkins, Jack",Athletics,20,689,20,119,39.66666666666666,4.53781512605042,0.5,4.714496661454675,53.93281061133681
201,"Fluharty, Mason",Toronto Blue Jays,78,955,30,173,57.66666666666666,4.682080924855492,0.7959183673469388,4.724753837509255,53.7447091443785
202,"Senzatela, Antonio",Colorado Rockies,34,813,27,157,52.333333333333336,4.643312101910828,0.6296296296296297,4.735114359299014,53.55471246919839
203,"Nunez, Anthony",Baltimore Orioles,52,1005,31,179,59.66666666666666,4.675977653631286,0.7222222222222222,4.7357555823056305,53.542953385845415
204,"Bruihl, Justin",St. Louis Cardinals,72,1311,40,230,76.66666666666667,4.695652173913043,0.782608695652174,4.738157831075193,53.49889968966735
205,"Ferrer, José A.",Seattle Mariners,73,1101,34,195,65.0,4.707692307692308,0.7849462365591398,4.7471516386958825,53.33396653477263
206,"Domínguez, Seranthony",Chicago White Sox,43,727,20,115,38.333333333333336,4.695652173913043,0.6825396825396826,4.757723927229198,53.14008637013071
207,"Wilson, Bryse",Milwaukee Brewers,13,396,13,77,25.666666666666668,4.558441558441558,0.3939393939393939,4.76010012717936,53.09651037084656
208,"Watson, Ryan",Boston Red Sox,35,888,29,167,55.66666666666666,4.688622754491018,0.6363636363636364,4.762279278988441,53.05654794358278
209,"Stanek, Ryne",St. Louis Cardinals,70,1081,33,188,62.66666666666666,4.73936170212766,0.7777777777777778,4.773098700956831,52.858135716565734
210,"Rucker, Michael",Seattle Mariners,37,757,23,131,43.66666666666666,4.740458015267175,0.6491228070175439,4.793342289509896,52.486898186560424
211,"Dotel, Wilber",Pittsburgh Pirates,20,644,20,115,38.333333333333336,4.695652173913043,0.5,4.793415185385987,52.485561383803514
212,"Helsley, Ryan",Baltimore Orioles,17,277,8,46,15.333333333333334,4.695652173913043,0.4594594594594595,4.8013419160459545,52.340196845124524
213,"Englert, Mason",Tampa Bay Rays,11,353,11,64,21.33333333333333,4.640625,0.3548387096774194,4.802272223779955,52.323136374624944
214,"Carrillo, Gerardo",Arizona Diamondbacks,13,320,9,52,17.333333333333332,4.673076923076923,0.3939393939393939,4.805259513247837,52.26835389569043
215,"Pfaadt, Brandon",Arizona Diamondbacks,10,362,11,64,21.33333333333333,4.640625,0.3333333333333333,4.807660464572621,52.22432399273428
216,"Cleavinger, Garrett",Tampa Bay Rays,51,738,22,124,41.333333333333336,4.790322580645161,0.7183098591549296,4.818732613381433,52.02127712854514
217,"Yarbrough, Ryan",New York Yankees,36,979,31,175,58.333333333333336,4.782857142857142,0.6428571428571429,4.821543233572067,51.96973450335205
218,"Pérez, Cionel",New York Mets,21,451,14,79,26.33333333333333,4.784810126582279,0.5121951219512195,4.836696990131864,51.69183697837448
219,"Winn, Keaton",San Francisco Giants,44,648,23,129,43.0,4.813953488372093,0.6875,4.83808620977423,51.666360740931964
220,"De Jesus, Enmanuel",Detroit Tigers,30,669,23,129,43.0,4.813953488372093,0.6,4.844843371766828,51.54244436506795
221,"McCambley, Zach",Cincinnati Reds,10,218,6,34,11.333333333333334,4.764705882352941,0.3333333333333333,4.849020758690267,51.465837255648154
222,"Sisk, Evan",Pittsburgh Pirates,41,834,24,134,44.66666666666666,4.835820895522388,0.6721311475409836,4.853970830386828,51.3750602481446
223,"Hoffman, Jeff",Toronto Blue Jays,51,905,26,145,48.333333333333336,4.841379310344827,0.7183098591549296,4.855407165700912,51.34871997883602
224,"Morris, Andrew",Minnesota Twins,60,1214,37,206,68.66666666666667,4.849514563106796,0.75,4.859930471544829,51.26576922706823
225,"Thielbar, Caleb",Chicago Cubs,58,859,27,150,50.0,4.86,0.7435897435897436,4.867994409451008,51.11788851004228
226,"Senga, Kodai",New York Mets,23,533,16,89,29.666666666666668,4.853932584269662,0.5348837209302325,4.871256125008856,51.058073461731965
227,"Fedde, Erick",Chicago White Sox,18,1198,37,206,68.66666666666667,4.849514563106796,0.47368421052631576,4.871442791397393,51.054650275727475
228,"Kelly, Zack",Boston Red Sox,17,283,9,50,16.666666666666668,4.859999999999999,0.4594594594594595,4.8768530793832054,50.955433580861076
229,"Franco, Jose",Cincinnati Reds,10,348,11,61,20.33333333333333,4.868852459016394,0.3333333333333333,4.883736284244751,50.829205764848005
230,"Weissert, Greg",Boston Red Sox,63,998,33,182,60.66666666666666,4.895604395604396,0.7590361445783133,4.894537841689826,50.63112114681654
231,"Castaño, Blas",Colorado Rockies,15,460,15,82,27.33333333333333,4.939024390243903,0.42857142857142855,4.911683708309632,50.31669126413778
232,"O'Brien, Riley",St. Louis Cardinals,66,1075,35,192,64.0,4.921875,0.7674418604651163,4.914736208571844,50.260712915500946
233,"Schreiber, John",Kansas City Royals,55,839,27,148,49.333333333333336,4.925675675675675,0.7333333333333333,4.91647634799121,50.2288013273842
234,"Pearson, Nate",Houston Astros,16,348,11,60,20.0,4.95,0.4444444444444444,4.9173212204771835,50.21330761321193
235,"Murphy, Chris",Chicago White Sox,30,533,17,93,31.0,4.935483870967742,0.6,4.917761601324218,50.20523167857781
236,"Yates, Kirby",Los Angeles Angels,31,472,15,82,27.33333333333333,4.939024390243903,0.6078431372549019,4.920261177151756,50.15939314783292
237,"Farris, Mitch",Los Angeles Angels,33,997,33,180,60.0,4.95,0.6226415094339622,4.9278030931543135,50.02108554189846
238,"Anderson, Drew",Detroit Tigers,38,965,31,169,56.333333333333336,4.952662721893491,0.6551724137931034,4.931461161536745,49.954001967890584
239,"Sulser, Cole",Tampa Bay Rays,49,887,29,158,52.66666666666666,4.955696202531646,0.7101449275362319,4.936995331322164,49.85251346369661
240,"Brazobán, Huascar",Chicago White Sox,14,225,8,43,14.333333333333334,5.023255813953488,0.4117647058823529,4.945563098015513,49.69539327047775
241,"Criswell, Cooper",Seattle Mariners,36,642,22,119,39.66666666666666,4.991596638655462,0.6428571428571429,4.955732909442415,49.508893941821356
242,"Sommers, Drew",Detroit Tigers,43,651,22,119,39.66666666666666,4.991596638655462,0.6825396825396826,4.9597177682438645,49.43581751394434
243,"Bachman, Sam",Los Angeles Angels,44,834,27,146,48.66666666666666,4.993150684931507,0.6875,4.961284282408827,49.407089956683706
244,"Klein, Will",Los Angeles Dodgers,33,679,21,113,37.66666666666666,5.017699115044248,0.6226415094339622,4.969955372332808,49.248074967943225
245,"Collyer, Gavin",Texas Rangers,24,484,14,75,25.0,5.040000000000001,0.5454545454545454,4.972353725844968,49.204092705035634
246,"Barnett, Mason",Athletics,14,442,14,74,24.666666666666668,5.108108108108108,0.4117647058823529,4.980502277961532,49.05466028830067
247,"Morgan, Eli",Kansas City Royals,16,339,11,58,19.33333333333333,5.120689655172414,0.4444444444444444,4.9931832894427,48.822109257741175
248,"Davis, Tyler",Chicago White Sox,31,497,18,96,32.0,5.0625,0.6078431372549019,4.995314979160365,48.783017215169316
249,"Ferguson, Caleb",Cincinnati Reds,25,395,13,69,23.0,5.08695652173913,0.5555555555555556,4.999943932903486,48.69812903689003
250,"Quantrill, Cal",Texas Rangers,17,567,19,100,33.333333333333336,5.13,0.4594594594594595,5.000907133437259,48.68046536099973
251,"Eisert, Brandon",Chicago White Sox,21,411,13,68,22.666666666666668,5.161764705882352,0.5121951219512195,5.029771286846536,48.15113939741055
252,"Faucher, Calvin",Miami Marlins,68,1147,38,202,67.33333333333333,5.079207920792079,0.7727272727272727,5.036473892625454,48.02822350196828
253,"Herrin, Tim",Cleveland Guardians,67,994,32,170,56.66666666666666,5.08235294117647,0.7701149425287356,5.038404724091978,47.99281490321071
254,"Smith, Dylan",San Francisco Giants,41,703,22,116,38.66666666666666,5.120689655172414,0.6721311475409836,5.045439996708977,47.8637983890486
255,"Ekness, Josh",Miami Marlins,29,543,17,89,29.666666666666668,5.157303370786517,0.5918367346938775,5.048680850816073,47.804365908948924
256,"Treinen, Blake",Los Angeles Dodgers,36,499,17,89,29.666666666666668,5.157303370786517,0.6428571428571429,5.0622586658123785,47.55536882580408
257,"Gordon, Tanner",Colorado Rockies,12,711,29,146,48.66666666666666,5.363013698630137,0.375,5.068116510023133,47.44794461046519
258,"Nance, Tommy",Toronto Blue Jays,32,500,19,99,33.0,5.181818181818183,0.6153846153846154,5.07003357221847,47.41278851981466
259,"Festa, Matt",Cleveland Guardians,66,1102,38,200,66.66666666666667,5.13,0.7674418604651163,5.074460045781146,47.33161352913877
260,"De Los Santos, Enyel",Houston Astros,66,1159,41,215,71.66666666666667,5.148837209302325,0.7674418604651163,5.088916508734093,47.06650333954975
261,"Kimbrel, Craig",New York Mets,14,249,9,45,15.0,5.4,0.4117647058823529,5.1006930569758415,46.85053882961146
262,"Shugart, Chase",Philadelphia Phillies,46,871,31,161,53.66666666666666,5.198757763975155,0.696969696969697,5.105551834545995,46.7614360216157
263,"Chivilli, Angel",New York Yankees,15,285,10,50,16.666666666666668,5.4,0.42857142857142855,5.109244683919389,46.69371461557809
264,"Laweryson, Cody",Minnesota Twins,15,296,10,50,16.666666666666668,5.4,0.42857142857142855,5.109244683919389,46.69371461557809
265,"Fermin, José",Los Angeles Angels,53,987,31,161,53.66666666666666,5.198757763975155,0.726027397260274,5.114489389422764,46.597534459002866
266,"Lord, Brad",Washington Nationals,35,1242,42,215,71.66666666666667,5.274418604651162,0.6363636363636364,5.135058456363078,46.2203281358542
267,"Hentges, Sam",San Francisco Giants,44,672,21,108,36.0,5.25,0.6875,5.137868186518416,46.16880183259454
268,"Yoho, Craig",Cleveland Guardians,19,327,11,55,18.33333333333333,5.4,0.48717948717948717,5.139065741978938,46.14684043330789
269,"Poulin, PJ",Washington Nationals,24,406,13,65,21.666666666666668,5.4,0.5454545454545454,5.1687173622086044,45.603073490709654
270,"Assad, Javier",Chicago Cubs,17,585,23,113,37.66666666666666,5.495575221238939,0.4594594594594595,5.168874126979475,45.60019865623171
271,"Enns, Dietrich",Baltimore Orioles,13,291,10,48,16.0,5.625,0.3939393939393939,5.180259513247837,45.39140747944289
272,"Phillips, Evan",Los Angeles Dodgers,30,421,15,75,25.0,5.4,0.6,5.196471278743572,45.09410763243771
273,"Hanifee, Brenan",Detroit Tigers,21,301,12,59,19.666666666666668,5.491525423728813,0.5121951219512195,5.198673117938626,45.053729152006824
274,"Beck, Tristan",San Francisco Giants,14,313,12,57,19.0,5.684210526315789,0.4117647058823529,5.217720920752932,44.704420567203556
275,"Wolfram, Grant",Baltimore Orioles,60,906,31,157,52.333333333333336,5.3312101910828025,0.75,5.221202192526834,44.64057918200483
276,"Romano, Jordan",Colorado Rockies,27,456,16,79,26.33333333333333,5.468354430379747,0.574468085106383,5.222747522498548,44.61224011157578
277,"Finnegan, Kyle",Detroit Tigers,63,1064,36,182,60.66666666666666,5.34065934065934,0.7590361445783133,5.232350631309844,44.43613327230997
278,"Pallette, Peyton",Cleveland Guardians,16,442,13,62,20.666666666666668,5.661290322580645,0.4444444444444444,5.233450252735247,44.41596783865488
279,"Johnson, Pierce",Cincinnati Reds,56,840,29,146,48.66666666666666,5.363013698630137,0.7368421052631579,5.238846461321925,44.317009339184274
280,"Myers, Tobias",New York Mets,29,749,30,147,49.0,5.510204081632653,0.5918367346938775,5.257540455194398,43.97418908807318
281,"Payamps, Joel",Atlanta Braves,12,151,5,23,7.666666666666667,5.869565217391305,0.375,5.25807332955857,43.964416958875844
282,"Winquest, Cade",St. Louis Cardinals,11,245,9,41,13.666666666666666,5.926829268292683,0.3548387096774194,5.2586672867225195,43.953524661302446
283,"Tolman, Erik",Washington Nationals,14,269,9,42,14.0,5.785714285714287,0.4117647058823529,5.2595165863876066,43.937949759200734
284,"Nardi, Andrew",Miami Marlins,25,378,14,68,22.666666666666668,5.558823529411764,0.5555555555555556,5.2620922704993935,43.89071551487556
285,"Kimbrel, Craig",Tampa Bay Rays,19,343,12,56,18.666666666666668,5.785714285714285,0.48717948717948717,5.3269778298910255,42.700810141210226
286,"Santana, Dennis",Arizona Diamondbacks,13,224,10,45,15.0,6.0,0.3939393939393939,5.327986785975109,42.68230737607266
287,"Alvarado, Elvis",Athletics,55,937,33,162,54.0,5.5,0.7333333333333333,5.337647519162381,42.505143790817904
288,"Sewald, Paul",Arizona Diamondbacks,45,633,24,117,39.0,5.538461538461538,0.6923076923076923,5.339297433353043,42.47488680020299
289,"Foley, Jason",San Francisco Giants,23,441,16,75,25.0,5.76,0.5348837209302325,5.355896835748339,42.17047826469851
290,"Gastelum, Luis",St. Louis Cardinals,34,599,23,110,36.66666666666666,5.6454545454545455,0.6296296296296297,5.366092934863577,41.98349685864454
291,"Fairbanks, Pete",Miami Marlins,45,740,25,121,40.333333333333336,5.578512396694214,0.6923076923076923,5.36702495059105,41.96640506606605
292,"Hill, Jaden",Colorado Rockies,45,685,24,116,38.66666666666666,5.586206896551724,0.6923076923076923,5.372351912030864,41.86871645704467
293,"Ginkel, Kevin",Arizona Diamondbacks,73,1089,41,201,67.0,5.507462686567164,0.7849462365591398,5.374928387705179,41.82146769663127
294,"Alvarado, José",Philadelphia Phillies,68,1145,36,176,58.66666666666666,5.5227272727272725,0.7727272727272727,5.379193391848103,41.74325381674869
295,"Halvorsen, Seth",Los Angeles Dodgers,11,151,7,30,10.0,6.3,0.3548387096774194,5.391082707650922,41.525221316210484
296,"Sanmartin, Reiver",San Francisco Giants,24,349,14,65,21.666666666666668,5.815384615384614,0.5454545454545454,5.395290788782031,41.448051320333526
297,"Johnson, Seth",Athletics,11,246,11,47,15.666666666666666,6.319148936170213,0.3548387096774194,5.397877491453256,41.40061501189411
298,"Hernández, Jonathan",Los Angeles Dodgers,16,418,17,76,25.33333333333333,6.039473684210526,0.4444444444444444,5.401531746792973,41.33360136346073
299,"Soriano, George",St. Louis Cardinals,70,1171,41,198,66.0,5.590909090909091,0.7777777777777778,5.4354133366757225,40.71226302180488
300,"Slaten, Justin",Boston Red Sox,36,508,20,94,31.33333333333333,5.74468085106383,0.6428571428571429,5.43985847456208,40.63074575498537
301,"Gibson, Cade",Miami Marlins,46,858,31,147,49.0,5.6938775510204085,0.696969696969697,5.450635322486628,40.43311427308361
302,"Williams, Devin",New York Mets,44,763,26,123,41.0,5.7073170731707314,0.6875,5.452273674323294,40.40306931897237
303,"Roberts, Ethan",Chicago Cubs,23,437,17,77,25.666666666666668,5.961038961038961,0.5348837209302325,5.463429303280806,40.19849155209143
304,"Brogdon, Connor",Cleveland Guardians,16,282,11,48,16.0,6.1875,0.4444444444444444,5.467321220477183,40.12711953604888
305,"Roycroft, Chris",Tampa Bay Rays,11,289,14,58,19.33333333333333,6.517241379310345,0.3548387096774194,5.468168358373948,40.11158427758696
306,"Suter, Brent",Los Angeles Angels,38,978,37,173,57.66666666666666,5.77456647398844,0.6551724137931034,5.469949826702402,40.07891477828823
307,"Hoppe, Alex",Baltimore Orioles,18,264,10,44,14.666666666666666,6.136363636363637,0.47368421052631576,5.481002878729581,39.87621812088315
308,"Senzatela, Antonio",Milwaukee Brewers,23,360,14,63,21.0,6.0,0.5348837209302325,5.484268928771595,39.816323584531915
309,"Cornelio, Riley",Washington Nationals,14,528,19,81,27.0,6.333333333333334,0.4117647058823529,5.485006782466037,39.80279243701269
310,"Mears, Nick",Kansas City Royals,21,344,13,58,19.33333333333333,6.051724137931035,0.5121951219512195,5.4856041666763495,39.791837292468074
311,"Adams, Travis",Minnesota Twins,40,950,38,177,59.0,5.796610169491525,0.6666666666666666,5.494799511947327,39.62320823458166
312,"Gray, Peyton",Texas Rangers,49,954,36,169,56.333333333333336,5.751479289940828,0.7101449275362319,5.502116654264915,39.48902264621336
313,"Mejia, Juan",Colorado Rockies,64,1287,44,208,69.33333333333333,5.711538461538463,0.7619047619047619,5.516214588995717,39.230487334950745
314,"Fernandez, Ryan",St. Louis Cardinals,17,387,16,69,23.0,6.260869565217391,0.4594594594594595,5.520495852591196,39.1519752807109
315,"Kerkering, Orion",Philadelphia Phillies,62,1097,37,174,58.0,5.741379310344828,0.7560975609756098,5.5340131851043655,38.904087357021126
316,"Schultz, Paxton",Washington Nationals,26,586,21,94,31.33333333333333,6.031914893617022,0.5652173913043478,5.535942416765677,38.86870809632947
317,"Halvorsen, Seth",Colorado Rockies,21,379,13,57,19.0,6.157894736842105,0.5121951219512195,5.539984229533239,38.79458721679073
318,"Hart, Kyle",San Diego Padres,42,947,36,166,55.333333333333336,5.855421686746988,0.6774193548387096,5.5443753996863245,38.71405963853102
319,"Black, Mason",Kansas City Royals,17,557,22,94,31.33333333333333,6.319148936170213,0.4594594594594595,5.547272860866817,38.6609244777806
320,"Manaea, Sean",New York Mets,14,776,31,129,43.0,6.488372093023255,0.4117647058823529,5.548846271750122,38.63207044488666
321,"Macko, Adam",Toronto Blue Jays,21,379,14,61,20.33333333333333,6.19672131147541,0.5121951219512195,5.5598710116624925,38.42989298987216
322,"Matz, Steven",Tampa Bay Rays,25,541,23,100,33.333333333333336,6.209999999999999,0.5555555555555556,5.623856976381747,37.25648485449558
323,"Dion, Will",Cleveland Guardians,12,306,15,59,19.666666666666668,6.864406779661016,0.375,5.6311389154097125,37.122944842491044
324,"Davila, Nick",Seattle Mariners,24,447,19,82,27.33333333333333,6.25609756097561,0.5454545454545454,5.635679668195301,37.03967413956858
325,"Sousa, Bennett",Houston Astros,34,511,20,88,29.33333333333333,6.136363636363637,0.6296296296296297,5.6751838439544855,36.31522587313143
326,"Zeferjahn, Ryan",Chicago Cubs,20,328,13,54,18.0,6.5,0.5,5.6955890984294655,35.94102362877321
327,"Ahlstrom, Robby",Texas Rangers,42,660,25,111,37.0,6.081081081081081,0.6774193548387096,5.697241441009419,35.91072210508354
328,"Weaver, Luke",Pittsburgh Pirates,18,264,12,49,16.333333333333332,6.612244897959184,0.47368421052631576,5.706420318432735,35.742395043213016
329,"Seymour, Carson",San Francisco Giants,24,526,22,93,31.0,6.387096774193549,0.5454545454545454,5.707133784495994,35.729311128848096
330,"Pintaro, Jonathan",New York Mets,22,524,22,92,30.666666666666668,6.456521739130435,0.5238095238095238,5.71112005233448,35.65620886131189
331,"Weiman, Blake",Los Angeles Angels,18,296,13,53,17.666666666666668,6.6226415094339615,0.47368421052631576,5.711345029131314,35.652083118973955
332,"Zerpa, Angel",Milwaukee Brewers,12,216,10,38,12.666666666666666,7.105263157894737,0.375,5.7214600572473575,35.466588435366305
333,"Vodnik, Victor",Colorado Rockies,33,630,25,108,36.0,6.25,0.6226415094339622,5.737237055418464,35.177261579281144
334,"Yan, Jefry",New York Mets,17,330,14,56,18.666666666666668,6.75,0.4594594594594595,5.745231457761584,35.030656041831655
335,"Backhus, Kyle",Philadelphia Phillies,20,339,14,57,19.0,6.63157894736842,0.5,5.761378572113675,34.734541801361374
336,"Parker, Mitchell",Washington Nationals,22,665,29,119,39.66666666666666,6.57983193277311,0.5238095238095238,5.77571110614731,34.47170428520578
337,"Orze, Eric",Minnesota Twins,36,685,29,124,41.333333333333336,6.314516129032257,0.6428571428571429,5.80618115325607,33.91292860182583
338,"Peralta, Sammy",Los Angeles Angels,13,310,15,56,18.666666666666668,7.232142857142857,0.3939393939393939,5.81337639636472,33.78097846499901
339,"Erceg, Lucas",Kansas City Royals,51,892,33,143,47.66666666666666,6.230769230769231,0.7183098591549296,5.853419643752245,33.04664442068819
340,"Morgan, David",San Diego Padres,32,607,24,100,33.333333333333336,6.48,0.6153846153846154,5.868914691099588,32.762488126488456
341,"Bigge, Hunter",Tampa Bay Rays,18,323,15,58,19.33333333333333,6.982758620689655,0.47368421052631576,5.8819268186734845,32.52386491558963
342,"Bird, Jake",New York Yankees,36,545,22,91,30.33333333333333,6.527472527472527,0.6428571428571429,5.9430816951105285,31.402374759990188
343,"Kittredge, Andrew",Baltimore Orioles,55,719,34,145,48.333333333333336,6.3310344827586205,0.7333333333333333,5.947072806518703,31.329183668536082
344,"Romano, Jordan",Los Angeles Angels,11,192,7,24,8.0,7.875,0.3548387096774194,5.949953675392858,31.27635278618995
345,"Thompson, Ryan",Arizona Diamondbacks,46,667,29,122,40.66666666666666,6.418032786885246,0.696969696969697,5.955349577786363,31.177399901850123
346,"Mattson, Isaac",Pittsburgh Pirates,38,728,28,116,38.66666666666666,6.517241379310345,0.6551724137931034,5.956529937085719,31.155753854773877
347,"Akin, Keegan",Baltimore Orioles,22,412,18,70,23.33333333333333,6.942857142857143,0.5238095238095238,5.965867168572279,30.984522813149418
348,"Santana, Dennis",Pittsburgh Pirates,44,711,30,125,41.66666666666666,6.48,0.6875,5.983493186518416,30.66128766395635
349,"Lawrence, Justin",Pittsburgh Pirates,23,395,17,66,22.0,6.954545454545454,0.5348837209302325,5.994839753295908,30.453208379323847
350,"Seabold, Connor",Detroit Tigers,11,278,14,47,15.666666666666666,8.042553191489363,0.3548387096774194,6.009408033663277,30.186047623421803
351,"Winn, Cole",Texas Rangers,50,776,34,142,47.333333333333336,6.464788732394366,0.7142857142857143,6.015185722241385,30.080093344058035
352,"Agnos, Zach",Colorado Rockies,38,1341,59,241,80.33333333333333,6.609958506224067,0.6551724137931034,6.017275640925743,30.04176732057364
353,"Phillips, Connor",Cincinnati Reds,27,591,23,90,30.0,6.9,0.574468085106383,6.045182211429332,29.530002013868533
354,"Aleman, Franco",Cleveland Guardians,21,427,18,68,22.666666666666668,7.147058823529411,0.5121951219512195,6.046629249543811,29.503465471000435
355,"Beeter, Clayton",Washington Nationals,50,808,35,145,48.333333333333336,6.517241379310345,0.7142857142857143,6.052651898609941,29.393018977902724
356,"Hoppe, Alex",Seattle Mariners,24,477,22,84,28.0,7.071428571428571,0.5454545454545454,6.080405673896916,28.884055709910456
357,"Barlow, Scott",Athletics,36,589,25,100,33.333333333333336,6.75,0.6428571428571429,6.086135070306761,28.7789870376226
358,"Anderson, Shaun",Los Angeles Angels,12,351,18,60,20.0,8.1,0.375,6.0944863730368315,28.625836473941117
359,"Fulmer, Michael",New York Yankees,12,207,9,30,10.0,8.1,0.375,6.0944863730368315,28.625836473941117
360,"Banks, Tanner",Philadelphia Phillies,31,645,27,106,35.333333333333336,6.877358490566037,0.6078431372549019,6.09846425773972,28.552887940736383
361,"Young, Danny",Atlanta Braves,15,248,10,35,11.666666666666666,7.714285714285715,0.42857142857142855,6.101081418613266,28.504893073829525
362,"Banda, Anthony",Minnesota Twins,39,610,26,104,34.666666666666664,6.75,0.6610169491525424,6.119890914189468,28.15995469197835
363,"Hoffman, Nolan",Kansas City Royals,11,140,9,29,9.666666666666666,8.379310344827587,0.3548387096774194,6.128902507428453,27.99469537509963
364,"Bazardo, Eduard",Seattle Mariners,72,1115,48,200,66.66666666666667,6.48,0.782608695652174,6.134603955838898,27.890139227863287
365,"Murphy, Luke",Los Angeles Angels,21,380,16,59,19.666666666666668,7.322033898305084,0.5121951219512195,6.13625062930696,27.85994166731684
366,"Rodríguez, Yariel",Toronto Blue Jays,10,172,9,28,9.333333333333334,8.678571428571427,0.3333333333333333,6.153642607429763,27.540998462988664
367,"Lange, Alex",Kansas City Royals,59,1135,44,180,60.0,6.6,0.7468354430379747,6.167386885280742,27.28894869682547
368,"Maxwell, Zach",Cincinnati Reds,12,293,12,39,13.0,8.307692307692308,0.375,6.172370988421447,27.197547602874323
369,"Sands, Cole",Minnesota Twins,13,209,11,36,12.0,8.25,0.3939393939393939,6.214350422338746,26.427706755851204
370,"Kranick, Max",Washington Nationals,17,340,16,55,18.33333333333333,7.854545454545455,0.4594594594594595,6.252725315255442,25.723967869671583
371,"Frasso, Nick",Colorado Rockies,19,377,18,63,21.0,7.7142857142857135,0.48717948717948717,6.266538269451465,25.470658680721897
372,"Maton, Phil",Chicago Cubs,31,546,22,83,27.666666666666668,7.156626506024097,0.6078431372549019,6.2682154043906975,25.43990250176212
373,"Moll, Sam",Cincinnati Reds,65,1081,42,169,56.333333333333336,6.710059171597632,0.7647058823529411,6.282087177541467,25.185514660012302
374,"Cruz, Yovanny",Washington Nationals,13,193,10,32,10.666666666666666,8.4375,0.3939393939393939,6.288214058702382,25.073156704166095
375,"Topa, Justin",Minnesota Twins,23,359,16,57,19.0,7.578947368421052,0.5348837209302325,6.328822172345646,24.328463846593777
376,"Sterner, Justin",Athletics,46,730,33,128,42.66666666666666,6.9609375,0.696969696969697,6.3337377111693725,24.23832012099977
377,"Doval, Camilo",New York Yankees,44,681,31,119,39.66666666666666,7.033613445378151,0.6875,6.364102430215895,23.681475998793516
378,"Kuhnel, Joel",Milwaukee Brewers,10,196,10,29,9.666666666666666,9.310344827586208,0.3333333333333333,6.36423374043469,23.67906796322402
379,"Juenger, Hayden",Athletics,13,245,14,43,14.333333333333334,8.790697674418604,0.3939393939393939,6.42735253650365,22.521562420759235
380,"Rom, Drew",Athletics,12,178,11,33,11.0,9.0,0.375,6.431986373036832,22.43658469931833
381,"Borucki, Ryan",San Francisco Giants,21,385,21,71,23.666666666666668,7.985915492957746,0.5121951219512195,6.47628754364125,21.624166628855324
382,"Zuber, Tyler",Miami Marlins,44,694,32,120,40.0,7.2,0.6875,6.478493186518416,21.5837183945096
383,"Nance, Tommy",Minnesota Twins,25,486,23,80,26.666666666666668,7.762499999999999,0.5555555555555556,6.486356976381747,21.43950809712625
384,"Díaz, Edwin",Los Angeles Dodgers,20,391,16,53,17.666666666666668,8.150943396226415,0.5,6.521060796542672,20.803091265964184
385,"Santillan, Tony",Cincinnati Reds,44,704,33,122,40.66666666666666,7.30327868852459,0.6875,6.549497284879071,20.281608048482415
386,"Silseth, Chase",Los Angeles Angels,47,736,32,119,39.66666666666666,7.260504201680672,0.7014925373134329,6.553242707704033,20.212922522953203
387,"Mey, Luis",Cincinnati Reds,28,653,29,101,33.666666666666664,7.752475247524753,0.5833333333333334,6.560268143080661,20.084086409257527
388,"King, Bryan",Houston Astros,58,1034,47,177,59.0,7.169491525423728,0.7435897435897436,6.585308620663524,19.624881015725272
389,"Raley, Brooks",Philadelphia Phillies,16,212,11,34,11.333333333333334,8.735294117647058,0.4444444444444444,6.599674161653653,19.361438200713195
390,"Walker, Ryan",San Francisco Giants,33,619,28,99,33.0,7.636363636363637,0.6226415094339622,6.600444602588276,19.347309451315112
391,"Woodford, Jake",Milwaukee Brewers,16,400,23,71,23.666666666666668,8.746478873239436,0.4444444444444444,6.604645164139155,19.270277353438985
392,"Varland, Gus",Washington Nationals,34,584,28,99,33.0,7.636363636363637,0.6296296296296297,6.619628288398931,18.995508972952432
393,"Johnson, Seth",Philadelphia Phillies,16,323,16,49,16.333333333333332,8.816326530612246,0.4444444444444444,6.63568856741596,18.70098716433886
394,"Henry, Cole",Washington Nationals,11,282,15,41,13.666666666666666,9.878048780487806,0.3548387096774194,6.660712920082079,18.242077477975695
395,"Svanson, Matt",St. Louis Cardinals,40,774,37,127,42.333333333333336,7.866141732283465,0.6666666666666666,6.874487220475286,14.321772387375992
396,"Pomeranz, Drew",Los Angeles Angels,25,392,22,70,23.33333333333333,8.485714285714286,0.5555555555555556,6.888142690667461,14.071351222575318
397,"Little, Brendon",Toronto Blue Jays,30,574,26,85,28.33333333333333,8.258823529411766,0.6,6.911765396390631,13.638145672001917
398,"Jax, Griffin",Tampa Bay Rays,11,191,11,28,9.333333333333334,10.607142857142858,0.3548387096774194,6.919423721475807,13.49770329533803
399,"Leasure, Jordan",Chicago White Sox,17,297,18,52,17.333333333333332,9.346153846153848,0.4594594594594595,6.938058900589027,13.155961620087922
400,"Lovelady, Richard",Washington Nationals,26,378,18,57,19.0,8.526315789473683,0.5652173913043478,6.945821183989008,13.013612801396206
401,"Gage, Matt",San Francisco Giants,34,527,25,82,27.33333333333333,8.231707317073171,0.6296296296296297,6.9944743095864155,12.121386300819314
402,"Strahm, Matt",Kansas City Royals,41,634,32,107,35.666666666666664,8.074766355140188,0.6721311475409836,7.030966958982398,11.452164982197772
403,"Bidois, Brandan",Pittsburgh Pirates,15,325,18,49,16.333333333333332,9.918367346938776,0.42857142857142855,7.0456878326074355,11.18220589121181
404,"Vest, Will",Detroit Tigers,27,484,26,80,26.666666666666668,8.775,0.574468085106383,7.1223098710038,9.777070818263912
405,"Herget, Jimmy",Colorado Rockies,48,906,47,152,50.66666666666666,8.348684210526317,0.7058823529411765,7.331770677094733,5.935868845486955
406,"Cosgrove, Tom",Washington Nationals,18,268,19,49,16.333333333333332,10.469387755102042,0.47368421052631576,7.5334879876056675,2.2366711505182524
407,"Suarez, José",Athletics,35,687,42,125,41.66666666666666,9.072,0.6363636363636364,7.5517011624941555,1.9026684097772477
408,"Martin, Chris",Texas Rangers,16,248,17,42,14.0,10.928571428571429,0.4444444444444444,7.57446407762004,1.4852301495151174
409,"Bummer, Aaron",Atlanta Braves,19,284,18,46,15.333333333333334,10.565217391304348,0.48717948717948717,7.655453701845159,0.0
